6066	P 3 m 1	Cd I2	CdI2(hP18)	Crystal structures of three Cd I2 polytypes	Chadha, G.K.	Zeitschrift fuer Kristallographie, Kristallgeometrie, Kristallphysik, Kristallchemie (-144,1977) (1974) 139,  p147-p152
9024	P 3 m 1	Cd I2	CdI2(hP21)	Crystal structures of three Cd I2 polytypes	Chadha, G.K.	Zeitschrift fuer Kristallographie, Kristallgeometrie, Kristallphysik, Kristallchemie (-144,1977) (1974) 139,  p147-p152
9025	P 3 m 1	Cd I2	CdI2(hP24)	Crystal structures of three Cd I2 polytypes	Chadha, G.K.	Zeitschrift fuer Kristallographie, Kristallgeometrie, Kristallphysik, Kristallchemie (-144,1977) (1974) 139,  p147-p152
9190	P 3 m 1	Cd I2	CdI2(hP12)	Crystal structures of six new polytypes of cadmium iodide	Gulzari, L.;  Chadha, G.K.;  Trigunayat, G.C.	Acta Crystallographica B (24,1968-38,1982) (1971) 27,  p2293-p2298
9191	P 3 m 1	Cd I2	CdI2(hP21)	Crystal structures of six new polytypes of cadmium iodide	Gulzari, L.;  Chadha, G.K.;  Trigunayat, G.C.	Acta Crystallographica B (24,1968-38,1982) (1971) 27,  p2293-p2298
9192	P 3 m 1	Cd I2	CdI2(hP24)	Crystal structures of six new polytypes of cadmium iodide	Gulzari, L.;  Chadha, G.K.;  Trigunayat, G.C.	Acta Crystallographica B (24,1968-38,1982) (1971) 27,  p2293-p2298
9193	P 3 m 1	Cd I2	CdI2(hP24)	Crystal structures of six new polytypes of cadmium iodide	Gulzari, L.;  Chadha, G.K.;  Trigunayat, G.C.	Acta Crystallographica B (24,1968-38,1982) (1971) 27,  p2293-p2298
9194	P 3 m 1	Cd I2	CdI2(hP24)	Crystal structures of six new polytypes of cadmium iodide	Gulzari, L.;  Chadha, G.K.;  Trigunayat, G.C.	Acta Crystallographica B (24,1968-38,1982) (1971) 27,  p2293-p2298
9195	P 3 m 1	Cd I2	CdI2(hP30)	Crystal structures of six new polytypes of cadmium iodide	Gulzari, L.;  Chadha, G.K.;  Trigunayat, G.C.	Acta Crystallographica B (24,1968-38,1982) (1971) 27,  p2293-p2298
9340	R 3 m H	Cd I2	CdI2(hR18)	Crystal structure of a Cd I2 polytype 36R	Agrawal, V.K.;  Chadha, G.K.	Zeitschrift fuer Kristallographie, Kristallgeometrie, Kristallphysik, Kristallchemie (-144,1977) (1973) 137,  p179-p183
15381	P 3 m 1	Cd I2	CdI2(hP27)	Structure of an eighteen-layered polytype of cadmium iodide	Gulzari, L.;  Chadha, G.K.;  Trigunayat, G.C.	Zeitschrift fuer Kristallographie, Kristallgeometrie, Kristallphysik, Kristallchemie (-144,1977) (1971) 134,  p91-p96
15543	P -3 m 1	Ti Te2	CdI2	Etude comparative des composes Ti X2 (X= S, Se, Te). Structures de Ti Te2 et Ti Se Te	Arnaud, Y.;  Chevreton, M.	Journal of Solid State Chemistry (1981) 39,  p230-p239
15544	P -3 m 1	Ti Se Te	CdI2	Etude comparative des composes Ti X2 (X= S, Se, Te). Structures de Ti Te2 et Ti Se Te	Arnaud, Y.;  Chevreton, M.	Journal of Solid State Chemistry (1981) 39,  p230-p239
15901	P -3 m 1	V Cl2	CdI2	Note on the crystal structure of vanadium dichloride	Villadsen, J.	Acta Chemica Scandinavica (1-27,1973-42,1988) (1959) 13,  p2146-p2146
17063	P -3 m 1	Mg Cl2	CdI2	A new layer structure of Mg Cl2 with hexagonal close packing of the chlorine atoms	Bassi, I.W.;  Polato, F.;  Calcaterra, M.;  Bart, J.C.J.	Zeitschrift fuer Kristallographie (1979-2010) (1982) 159,  p297-p302
6279	P 3 m 1	Cd I2	CdI2(hP48)	A new hexagonal polytype 32H of cadmium iodide	Prasad, R.;  Srivastava, O.N.	Zeitschrift fuer Kristallographie, Kristallgeometrie, Kristallphysik, Kristallchemie (-144,1977) (1970) 131,  p376-p384
22101	P -3 m 1	V Cl2	CdI2	Ueber Vanadinchloride	Ehrlich, P.;  Seifert, H.J.	Zeitschrift fuer Anorganische und Allgemeine Chemie (1950) (DE) (1959) 301,  p282-p287
23177	P -3 m 1	Ti Cl2	CdI2	Crystal structure of Ti Cl2	Gal&#39;perin, E.L.;  Sandler, R.A.	Kristallografiya (1962) 7,  p217-p219
23574	P -3 m 1	Ti2 O	CdI2	Neutron diffraction investigation of ordered structures in the titanium-oxygen system	Kornilov, I.I.;  Vavilova, V.V.;  Fykin, L.E.;  Ozerov, R.P.;  Solov&#39;ev, S.P.;  Smirnov, V.P.	Metallurgical Transactions (1970) 1,  p2569-p2571
23763	P 3 m 1	Pb I2	CdI2(hP21)	Crystal structures of three polytypes of lead iodide: Correlation between phenomena of arcing and polytypism	Agrawal, V.K.;  Chadha, G.K.;  Trigunayat, G.C.	Acta Crystallographica A (24,1968-38,1982) (1970) 26,  p140-p144
23764	P 3 m 1	Pb I2	CdI2(hP30)	Crystal structures of three polytypes of lead iodide: Correlation between phenomena of arcing and polytypism	Agrawal, V.K.;  Chadha, G.K.;  Trigunayat, G.C.	Acta Crystallographica A (24,1968-38,1982) (1970) 26,  p140-p144
24081	P -3 m 1	Ti2 O	CdI2	Disorder and Order in Solid Solutions of Oxygen in alpha-Titanium	Holmberg, B.	Acta Chemica Scandinavica (1-27,1973-42,1988) (1962) 16,  p1245-p1250
24262	P -3 m 1	Pb I2	CdI2	Structural polytypism of lead iodide and its relationship to screw dislocations	Mitchell, R.S.	Zeitschrift fuer Kristallographie, Kristallgeometrie, Kristallphysik, Kristallchemie (-144,1977) (1959) 111,  p372-p384
24263	P 63 m c	Pb I2	CdI2(hP6)	Structural polytypism of lead iodide and its relationship to screw dislocations	Mitchell, R.S.	Zeitschrift fuer Kristallographie, Kristallgeometrie, Kristallphysik, Kristallchemie (-144,1977) (1959) 111,  p372-p384
24264	P 3 m 1	Pb I2	CdI2(hP9,P3m1)	Structural polytypism of lead iodide and its relationship to screw dislocations	Mitchell, R.S.	Zeitschrift fuer Kristallographie, Kristallgeometrie, Kristallphysik, Kristallchemie (-144,1977) (1959) 111,  p372-p384
24266	R -3 m H	Pb I2	CdI2(hR6)	Structural polytypism of lead iodide and its relationship to screw dislocations	Mitchell, R.S.	Zeitschrift fuer Kristallographie, Kristallgeometrie, Kristallphysik, Kristallchemie (-144,1977) (1959) 111,  p372-p384
24923	P 63 m c	Pt O2	CdI2(hP6)	Reaction of platinum dioxide with some metal oxides	Hoekstra, H.R.;  Siegel, S.;  Gallagher, F.X.	Advances in Chemistry Series (1971) 98,  p39-p53
25728	P -3 m 1	Bi Te Br	CdI2	Ueber Tellurohalogenide des dreiwertigen Antimons und Wismuts und ueber Antimon- und Wismut(III)-tellurid und Wismut(III)-selenid	Doenges, E.	Zeitschrift fuer Anorganische und Allgemeine Chemie (1950) (DE) (1951) 265,  p56-p61
26078	P -3 m 1	Ti Br2	CdI2	Darstellung und Kristallstruktur von Titandibromid	Ehrlich, P.;  Gutsche, W.;  Seifert, H.J.	Zeitschrift fuer Anorganische und Allgemeine Chemie (1950) (DE) (1961) 312,  p80-p86
26863	P -3 m 1	Ti Te2	CdI2	Roentgenographische Untersuchungen von Sn S2, Ti S2, Ti Se2, Ti Te2	Oftedal, I.	Zeitschrift fuer Physikalische Chemie (Leipzig) (1928) 134,  p301-p310
27291	P 3 m 1	Cd I2	CdI2(hP18)	Crystal Structures of two Twelve-layered Cd I2 Polytypes	Agrawal, V.K.;  Chadha, G.K.;  Trigunayat, G.C.	Zeitschrift fuer Kristallographie, Kristallgeometrie, Kristallphysik, Kristallchemie (-144,1977) (1971) 134,  p161-p165
27292	P 3 m 1	Cd I2	CdI2(hP18)	Crystal structures of two twelve-layered Cd I2 polytypes	Agrawal, V.K.;  Chadha, G.K.;  Trigunayat, G.C.	Zeitschrift fuer Kristallographie, Kristallgeometrie, Kristallphysik, Kristallchemie (-144,1977) (1971) 134,  p161-p165
28383	P 3 m 1	Cd I2	CdI2(hP39)	Anomalous cadmium iodide structures	Srivastava, O.N.;  Verma, A.R.	Indian Journal for Pure and Applied Physics (1965) 3,  p42-p46
28384	P 3 m 1	Cd I2	CdI2(hP39)	Anomalous cadmium iodide structures	Srivastava, O.N.;  Verma, A.R.	Indian Journal for Pure and Applied Physics (1965) 3,  p42-p46
29012	P -3 m 1	Sn S2	CdI2	Die Kristallstruktur von Sn S2	Oftedal, I.	Norsk Geologisk Tidsskrift (1926) 9,  p225-p233
20745	P -3 m 1	Cd I2	CdI2(hP9)	The electron difraction structure analysis of cadmium iodide	Pinsker, Z.G.	Zhurnal Fizicheskoi Khimii (1941) 15,  p559-p576
23176	P -3 m 1	Ge I2	CdI2(hP9)	Germanium diiodide	Avilov, A.S.;  Imamov, R.M.	Kristallografiya (1968) 13,  p68-p73
25782	P 63 m c	Cd Br2	CdI2(hP6)	Single crystal x-ray study of structural polytypism in cadmium bromide	Mitchell, R.S.	Zeitschrift fuer Kristallographie, Kristallgeometrie, Kristallphysik, Kristallchemie (-144,1977) (1962) 117,  p309-p318
30347	P -3 m 1	Pb I2	CdI2	On the crystal structure of lead-iodide	Terpstra, P.;  Westenbrink, H.G.K.	Proceedings of the Koninklijke Nederlandse Academie van Wetenschappen (1926) 29,  p431-p442
30813	P 3 m 1	Cd I2	CdI2(hP21)	Crystal structure of a fourteen-layered cadmium iodide polytype	Sarna, I.;  Chadha, G.K.;  Trigunayat, G.C.	Zeitschrift fuer Kristallographie (1979-2010) (1984) 166,  p311-p313
33673	P -3 m 1	Mn I2	CdI2	Neutron diffraction investigation of the magnetic order in Mn I2	Cable, J.W.;  Wilkinson, M.K.;  Wollan, E.O.	Physical Review (1,1893-132,1963/141,1966-188,1969) (1962) 125,  p1860-p1864
38219	P -3 m 1	Ti Cl2	CdI2	The structure of Ti Cl2	Baenziger, N.C.;  Rundle, R.E.	Acta Crystallographica (1,1948-23,1967) (1948) 1,  p274-p274
30395	P -3 m 1	Bi3 (Pb0.75 Te0.25) Te5	CdI2(hP9)	An electron diffraction study of the structure of Pb Bi4 Te7	Talybov, A.G.;  Vainshtein, B.K.	Kristallografiya (1961) 6, (4) p541-p548
30051	P -3 m 1	Ti Te2	CdI2	Structure refinement on stoichiometric Ti Te2 by neutron diffraction	Riekel, C.;  Thomas, M.;  Schoellhorn, R.	Physica Status Solidi A - Applications and Materials (1978) 50,  p231-p234
38116	P 63 m c	Cd I2	CdI2(hP6)	An X-ray examination of cadmium iodide	Smirnova, L.;  Brager, A.;  Zhdanov, H.	Acta Physicochimica (USSR) (1941) 15,  p255-p275
60250	P -3 m 1	Mn Br2	CdI2	Neutron diffraction study of the magnetic properties of Mn Br2	Wollan, E.O.;  Koehler, W.C.;  Wilkinson, M.K.	Physical Review (1,1893-132,1963/141,1966-188,1969) (1958) 110,  p638-p646
63535	P -3 m 1	Te.5 I2	CdI2	Polymorphie von Tellur(IV)-iodid	Kniep, R.;  Beister, H.J.;  Wald, D.	Zeitschrift fuer Naturforschung, B: Chemical Sciences (1988) 43,  p966-p980
64831	P -3 m 1	Fe Cl2	CdI2	The structure of Fe Cl2 at high pressures	Vettier, C.;  Yelon, W.B.	Journal of Physics and Chemistry of Solids (1975) 36,  p401-p405
40061	P -3 m 1	Sc0.93 I2	CdI2	The layered, metallic scandium iodide Sc0.93 I2: Synthesis, structure, and properties	McCollum, B.C.;  Dudis, D.S.;  Lachgar, A.;  Corbett, J.D.	Inorganic Chemistry (1990) 29,  p2030-p2032
59411	P 1 21/c 1	Cd I2 (S C (N H2)2)2	CdI2(Sc(NH2)2)2	Bis(thiourea)cadmium halides	Marcos, C.;  Alia, J.M.;  Adovasio, V.;  Prieto, M.;  Garcia Granda, S.	Acta Crystallographica, Section C: Crystal Structure Communications (1998) 54,  p1225-p1229
40705	P -3 m 1	Ti.5 Nb.5 S2	CdI2	Structural properties of the Ti1-xS2 phase	Furuseth, S.	Journal of Alloys and Compounds (1992) 178,  p211-p215
40706	P -3 m 1	Ti.05 Nb.95 S2	CdI2	Structural properties of the Ti1-xS2 phase	Furuseth, S.	Journal of Alloys and Compounds (1992) 178,  p211-p215
69557	P -3 m 1	Sb2 Te	CdI2(hP9)	Structure of Sb2Te	Agafonov, V.;  Rodier, N.;  Ceolin, R.;  Bellissent, R.;  Bergman, C.;  Gaspard, J.P.	Acta Crystallographica, Section C: Crystal Structure Communications (1991) 47,  p1141-p1143
68819	P -3 m 1	Pb I2	CdI2	The structure of Pb I2 polytypes 2H and 4H: a study of the 2H - 4H transition	Palosz, B.;  Steurer, W.;  Schulz, H.	Journal of Physics: Condensed Matter (1990) 2,  p5285-p5295
79362	P 63 m c	Bi Te Cl	CdI2(hP6)	Crystal structures of bismuth tellurohalides Bi Te X (X=Cl,Br,I) from X-ray powder diffraction data	Shevel&#39;kov, A.V.;  Dikarev, E.V.;  Shpanchenko, R.V.;  Popovkin, B.A.	Journal of Solid State Chemistry (1995) 114,  p379-p384
79363	P -3 m 1	Bi Te Br	CdI2	Crystal structures of bismuth tellurohalides Bi Te X (X=Cl,Br,I) from X-ray powder diffraction data	Shevel&#39;kov, A.V.;  Dikarev, E.V.;  Shpanchenko, R.V.;  Popovkin, B.A.	Journal of Solid State Chemistry (1995) 114,  p379-p384
80092	P -3 m 1	Ti Te2	CdI2	The crystal structures of Ti Se2 and Ti Te2	Minagawa, T.	Osaka Kyoiku Daigaku Kiyo, Dai-3-bumon (Memoirs of Osaka Kyoiku University, Series III) (1994) 43, (1) p39-p45
80205	P -3 m 1	Si Te2	CdI2	Structural studies on silicon ditelluride (Si Te2)	Taketoshi, K.;  Andoh, F.	Japanese Journal of Applied Physics, Part 1 (1995) 34,  p3192-p3197
84685	P -3 m 1	(Nb0.937 Ir0.063) S2	CdI2	Structural stability of the 1T structure on transition-metal dichalcogenides. I. Compounds in the Nb S2 - Ir S2 system	Shimakawa, M.;  Kawachi, K.;  Nishikawa, S.;  Hayashi, K.	Journal of Solid State Chemistry (1997) 129,  p242-p249
84686	P -3 m 1	(Nb0.925 Ir0.075) S2	CdI2	Structural stability of the 1T structure on transition-metal dichalcogenides. I. Compounds in the Nb S2 - Ir S2 system	Shimakawa, M.;  Kawachi, K.;  Nishikawa, S.;  Hayashi, K.	Journal of Solid State Chemistry (1997) 129,  p242-p249
84687	P -3 m 1	(Nb0.9 Ir0.1) S2	CdI2	Structural stability of the 1T structure on transition-metal dichalcogenides. I. Compounds in the Nb S2 - Ir S2 system	Shimakawa, M.;  Kawachi, K.;  Nishikawa, S.;  Hayashi, K.	Journal of Solid State Chemistry (1997) 129,  p242-p249
84688	P -3 m 1	(Nb0.87 Ir0.13) S2	CdI2	Structural stability of the 1T structure on transition-metal dichalcogenides. I. Compounds in the Nb S2 - Ir S2 system	Shimakawa, M.;  Kawachi, K.;  Nishikawa, S.;  Hayashi, K.	Journal of Solid State Chemistry (1997) 129,  p242-p249
84689	P -3 m 1	(Nb0.85 Ir0.15) S2	CdI2	Structural stability of the 1T structure on transition-metal dichalcogenides. I. Compounds in the Nb S2 - Ir S2 system	Shimakawa, M.;  Kawachi, K.;  Nishikawa, S.;  Hayashi, K.	Journal of Solid State Chemistry (1997) 129,  p242-p249
84690	P -3 m 1	(Nb0.75 Ir0.25) S2	CdI2	Structural stability of the 1T structure on transition-metal dichalcogenides. I. Compounds in the Nb S2 - Ir S2 system	Shimakawa, M.;  Kawachi, K.;  Nishikawa, S.;  Hayashi, K.	Journal of Solid State Chemistry (1997) 129,  p242-p249
84691	P -3 m 1	(Nb0.5 Ir0.5) S2	CdI2	Structural stability of the 1T structure on transition-metal dichalcogenides. I. Compounds in the Nb S2 - Ir S2 system	Shimakawa, M.;  Kawachi, K.;  Nishikawa, S.;  Hayashi, K.	Journal of Solid State Chemistry (1997) 129,  p242-p249
84692	P -3 m 1	(Nb0.92 Ir0.08) Se2	CdI2	Structural stability of the 1T structure on transition-metal dichalcogenides. I. Compounds in the Nb S2 - Ir S2 system	Shimakawa, M.;  Kawachi, K.;  Nishikawa, S.;  Hayashi, K.	Journal of Solid State Chemistry (1997) 129,  p242-p249
84693	P -3 m 1	(Nb0.9 Ir0.1) Se2	CdI2	Structural stability of the 1T structure on transition-metal dichalcogenides. I. Compounds in the Nb S2 - Ir S2 system	Shimakawa, M.;  Kawachi, K.;  Nishikawa, S.;  Hayashi, K.	Journal of Solid State Chemistry (1997) 129,  p242-p249
84694	P -3 m 1	(Nb0.87 Ir0.13) Se2	CdI2	Structural stability of the 1T structure on transition-metal dichalcogenides. I. Compounds in the Nb S2 - Ir S2 system	Shimakawa, M.;  Kawachi, K.;  Nishikawa, S.;  Hayashi, K.	Journal of Solid State Chemistry (1997) 129,  p242-p249
84695	P -3 m 1	(Nb0.85 Ir0.15) Se2	CdI2	Structural stability of the 1T structure on transition-metal dichalcogenides. I. Compounds in the Nb S2 - Ir S2 system	Shimakawa, M.;  Kawachi, K.;  Nishikawa, S.;  Hayashi, K.	Journal of Solid State Chemistry (1997) 129,  p242-p249
84696	P -3 m 1	(Nb0.8 Ir0.2) Se2	CdI2	Structural stability of the 1T structure on transition-metal dichalcogenides. I. Compounds in the Nb S2 - Ir S2 system	Shimakawa, M.;  Kawachi, K.;  Nishikawa, S.;  Hayashi, K.	Journal of Solid State Chemistry (1997) 129,  p242-p249
84697	P -3 m 1	(Nb0.75 Ir0.25) Se2	CdI2	Structural stability of the 1T structure on transition-metal dichalcogenides. I. Compounds in the Nb S2 - Ir S2 system	Shimakawa, M.;  Kawachi, K.;  Nishikawa, S.;  Hayashi, K.	Journal of Solid State Chemistry (1997) 129,  p242-p249
84698	P -3 m 1	(Nb0.58 Ir0.42) Se2	CdI2	Structural stability of the 1T structure on transition-metal dichalcogenides. I. Compounds in the Nb S2 - Ir S2 system	Shimakawa, M.;  Kawachi, K.;  Nishikawa, S.;  Hayashi, K.	Journal of Solid State Chemistry (1997) 129,  p242-p249
86519	P -3 m 1	V S2	CdI2	Physical properties of first-row transition metal dichalcogenides and their intercalates	Wiegers, G.A.	Physica B and C (Netherland) (79,1975-) (1980) 99,  p151-p165
86520	P -3 m 1	V Se2	CdI2	Physical properties of first-row transition metal dichalcogenides and their intercalates	Wiegers, G.A.	Physica B and C (Netherland) (79,1975-) (1980) 99,  p151-p165
100610	P -3 m 1	Sn S2	CdI2	The crystal structures and compressibilities of layer minerals at high pressure. I. Sn S2, berndtite	Hazen, R.M.;  Finger, L.W.	American Mineralogist (1978) 63,  p289-p292
100611	P -3 m 1	Sn S2	CdI2	The crystal structures and compressibilities of layer minerals at high pressure. I. Sn S2, berndtite	Hazen, R.M.;  Finger, L.W.	American Mineralogist (1978) 63,  p289-p292
100612	P -3 m 1	Sn S2	CdI2	The crystal structures and compressibilities of layer minerals at high pressure. I. Sn S2, berndtite	Hazen, R.M.;  Finger, L.W.	American Mineralogist (1978) 63,  p289-p292
42268	R -3 m H	Cd I2	CdI2(hR6)	A new method of symbolic description of polytypic structures of MX2-type compounds - xyz notation, description of stacking faults - t-o-f notation	Palosz, B.	Zeitschrift fuer Kristallographie (1979-2010) (1980) 153,  p51-p72
40955	P -3 m 1	Ta2 C0.95	CdI2	A neutron powder diffraction study of Ta2 C and W2 C	Loennberg, B.;  Lundstroem, T.;  Tellgren, R.	Journal of the Less-Common Metals (1986) 120,  p239-p245
42013	P -3 m 1	Pb I2	CdI2	Common polytypes of Pb I2 at low and high temperatures and the 2H - 12R transformation	Minagawa, T.	Acta Crystallographica A (24,1968-38,1982) (1975) 31,  p823-p824
42014	R -3 m H	Pb I2	CdI2(hR6)	Common polytypes of Pb I2 at low and high temperatures and the 2H - 12R transformation	Minagawa, T.	Acta Crystallographica A (24,1968-38,1982) (1975) 31,  p823-p824
42269	R -3 m H	Cd I2	CdI2(hR9)	A new method of symbolic description of polytypic structures of M X2-type compounds - xyz notation, description of stacking faults - t-o-f notation	Palosz, B.	Zeitschrift fuer Kristallographie (1979-2010) (1980) 153,  p51-p72
42271	R 3 m H	Cd I2	CdI2(hR12)	A new method of symbolic description of polytypic structures of M X2-type compounds - xyz notation, description of stacking faults - t-o-f notation	Palosz, B.	Zeitschrift fuer Kristallographie (1979-2010) (1980) 153,  p51-p72
42273	R 3 m H	Cd I2	CdI2(hR15)	A new method of symbolic description of polytypic structures of M X2-type compounds - xyz notation, description of stacking faults - t-o-f notation	Palosz, B.	Zeitschrift fuer Kristallographie (1979-2010) (1980) 153,  p51-p72
42408	P 3 m 1	Cd I2	CdI2(hP24)	Crystal structure of six new polytypes of cadmium iodide	Gyaneshwar;  Chadha, G.K.;  Trigunayat, G.C.	Acta Crystallographica B (24,1968-38,1982) (1973) 29,  p1791-p1795
42409	P 3 m 1	Cd I2	CdI2(hP27)	Crystal structure of six new polytypes of cadmium iodide	Gyaneshwar;  Chadha, G.K.;  Trigunayat, G.C.	Acta Crystallographica B (24,1968-38,1982) (1973) 29,  p1791-p1795
42410	P 3 m 1	Cd I2	CdI2(hP42)	Crystal structure of six new polytypes of cadmium iodide	Gyaneshwar;  Chadha, G.K.;  Trigunayat, G.C.	Acta Crystallographica B (24,1968-38,1982) (1973) 29,  p1791-p1795
42411	P 3 m 1	Cd I2	CdI2(hP42)	Crystal structure of six new polytypes of cadmium iodide	Gyaneshwar;  Chadha, G.K.;  Trigunayat, G.C.	Acta Crystallographica B (24,1968-38,1982) (1973) 29,  p1791-p1795
42412	P 3 m 1	Cd I2	CdI2(hP54)	Crystal structure of six new polytypes of cadmium iodide	Gyaneshwar;  Chadha, G.K.;  Trigunayat, G.C.	Acta Crystallographica B (24,1968-38,1982) (1973) 29,  p1791-p1795
42413	P 3 m 1	Cd I2	CdI2(hP60)	Crystal structure of six new polytypes of cadmium iodide	Gyaneshwar;  Chadha, G.K.;  Trigunayat, G.C.	Acta Crystallographica B (24,1968-38,1982) (1973) 29,  p1791-p1795
42510	R -3 m H	Pb I2	CdI2(hR12,R3-m)	Polytypism of Sn Se2 crystals grown by chemical transport: Structures of six large-period polytypes of Sn Se2	Palosz, B.;  Gierlotka, S.;  Wiktorowska, B.;  Dziag, D.	Acta Crystallographica, Section C: Crystal Structure Communications (1985) 41,  p1407-p1409
42566	P -3 m 1	Sn S2	CdI2	The expansivities and the thermal degradation of some layer compounds	Al-Alamy, F.A.S.;  Balchin, A.A.;  White, M.	Journal of Materials Science (1977) 12,  p2037-p2042
43003	P 63 m c	Sn S2	CdI2(hP6)	Neue polytype Form von Zinn(IV)-sulfid	Guenter, J.R.;  Oswald, H.R.	Naturwissenschaften (1968) 55,  p177-p177
43004	P -3 m 1	Sn S2	CdI2	Neue polytype Form von Zinn(IV)-sulfid	Guenter, J.R.;  Oswald, H.R.	Naturwissenschaften (1968) 55,  p177-p177
43413	P -3 m 1	Ti Te2	CdI2	Ueber das System Titan-Tellur	Gronvold, F.;  Kjekshus, A.;  Haraldsen, H.	Zeitschrift fuer Anorganische und Allgemeine Chemie (1950) (DE) (1962) 317,  p91-p104
43443	P 3 m 1	Cd I2	CdI2(hP33)	Structure and growth of a new polytype of cadmium iodide 22H	Srivastava, O.N.;  Verma, A.R.	Zeitschrift fuer Kristallographie (1979-2010) (1962) 117,  p450-p460
43594	P -3 m 1	Sn Se2	CdI2	Struktur, elektrische und thermoelektrische Eigenschaften von Sn Se2	Busch, G.;  Froehlich, C.;  Hulliger, F.	Helvetica Physica Acta (1961) 34,  p359-p368
43670	P -3 m 1	Nb2 C	CdI2	The niobium-niobium carbide system	Storms, E.K.;  Krikorian, N.H.	Journal of Physical Chemistry (1960) 64,  p1471-p1477
43731	P -3 m 1	Tm I2	CdI2	Divalent thulium. Thulium-di-iodide	Asprey, L.B.;  Kruse, F.H.	Journal of Inorganic and Nuclear Chemistry (1960) 13,  p32-p35
43852	P -3 m 1	Cd I2	CdI2	Lattice parameters and spontaneous strain in A X2 polytypes: Cd I2, Pb I2, Sn S2 and Sn Se2	Palosz, B.;  Salje, E.	Journal of Applied Crystallography (1989) 22,  p622-p623
43857	P -3 m 1	Sn Se2	CdI2	Lattice parameters and spontaneous strain in A X2 polytypes: Cd I2, Pb I2, Sn S2 and Sn Se2	Palosz, B.;  Salje, E.	Journal of Applied Crystallography (1989) 22,  p622-p623
42171	P 3 m 1	Cd I2	CdI2(hP30)	Crystal structures of two 20-layered Cd I2 polytypes	Agrawal, V.K.;  Chadha, G.K.;  Trigunayat, G.C.	Acta Crystallographica B (24,1968-38,1982) (1970) 26,  p1911-p1914
42172	P 3 m 1	Cd I2	CdI2(hP30)	Crystal structures of two 20-layered Cd I2 polytypes	Agrawal, V.K.;  Chadha, G.K.;  Trigunayat, G.C.	Acta Crystallographica B (24,1968-38,1982) (1970) 26,  p1911-p1914
42173	R 3 m H	Cd I2	CdI2(hR12)	Crystal structures of four new polytypes of cadmium iodide	Jain, R.K.;  Chadha, G.K.;  Trigunayat, G.C.	Acta Crystallographica B (24,1968-38,1982) (1970) 26,  p1785-p1790
42174	R 3 m H	Cd I2	CdI2(hR18)	Crystal structures of four new polytypes of cadmium iodide	Jain, R.K.;  Chadha, G.K.;  Trigunayat, G.C.	Acta Crystallographica B (24,1968-38,1982) (1970) 26,  p1785-p1790
42175	P 3 m 1	Cd I2	CdI2(hP27)	Crystal structures of four new polytypes of cadmium iodide	Jain, R.K.;  Chadha, G.K.;  Trigunayat, G.C.	Acta Crystallographica B (24,1968-38,1982) (1970) 26,  p1785-p1790
42176	P 3 m 1	Cd I2	CdI2(hP45)	Crystal structures of four new polytypes of cadmium iodide	Jain, R.K.;  Chadha, G.K.;  Trigunayat, G.C.	Acta Crystallographica B (24,1968-38,1982) (1970) 26,  p1785-p1790
42199	P 3 m 1	Cd I2	CdI2(hP18)	A new method of symbolic description of polytypic structures of M X2-type compounds - xyz notation, description of stacking faults - t-o-f notation	Palosz, B.	Zeitschrift fuer Kristallographie (1979-2010) (1980) 153,  p51-p72
42200	P 3 m 1	Cd I2	CdI2(hP24)	A new method of symbolic description of polytypic structures of M X2-type compounds - xyz notation, description of stacking faults - t-o-f notation	Palosz, B.	Zeitschrift fuer Kristallographie (1979-2010) (1980) 153,  p51-p72
42201	P 63 m c	Cd I2	CdI2(hP24,P63mc)	A new method of symbolic description of polytypic structures of M X2-type compounds - xyz notation, description of stacking faults - t-o-f notation	Palosz, B.	Zeitschrift fuer Kristallographie (1979-2010) (1980) 153,  p51-p72
42203	P 3 m 1	Cd I2	CdI2(hP30)	A new method of symbolic description of polytypic structures of M X2-type compounds - xyz notation, description of stacking faults - t-o-f notation	Palosz, B.	Zeitschrift fuer Kristallographie (1979-2010) (1980) 153,  p51-p72
42204	P 3 m 1	Cd I2	CdI2(hP30)	A new method of symbolic description of polytypic structures of M X2-type compounds - xyz notation, description of stacking faults - t-o-f notation	Palosz, B.	Zeitschrift fuer Kristallographie (1979-2010) (1980) 153,  p51-p72
42206	P 3 m 1	Cd I2	CdI2(hP60)	A new method of symbolic description of polytypic structures of M X2-type compounds - xyz notation, description of stacking faults - t-o-f notation	Palosz, B.	Zeitschrift fuer Kristallographie (1979-2010) (1980) 153,  p51-p72
42207	P 3 m 1	Cd I2	CdI2(hP9,P3m1)	A new method of symbolic description of polytypic structures of M X2-type compounds - xyz notation, description of stacking faults - t-o-f notation	Palosz, B.	Zeitschrift fuer Kristallographie (1979-2010) (1980) 153,  p51-p72
42210	P 3 m 1	Cd I2	CdI2(hP18)	A new method of symbolic description of polytypic structures of M X2-type compounds - xyz notation, description of stacking faults - t-o-f notation	Palosz, B.	Zeitschrift fuer Kristallographie (1979-2010) (1980) 153,  p51-p72
42211	P 3 m 1	Cd I2	CdI2(hP21)	A new method of symbolic description of polytypic structures of M X2-type compounds - xyz notation, description of stacking faults - t-o-f notation	Palosz, B.	Zeitschrift fuer Kristallographie (1979-2010) (1980) 153,  p51-p72
42212	P 3 m 1	Cd I2	CdI2(hP21)	A new method of symbolic description of polytypic structures of M X2-type compounds - xyz notation, description of stacking faults - t-o-f notation	Palosz, B.	Zeitschrift fuer Kristallographie (1979-2010) (1980) 153,  p51-p72
42213	P 3 m 1	Cd I2	CdI2(hP21)	A new method of symbolic description of polytypic structures of M X2-type compounds - xyz notation, description of stacking faults - t-o-f notation	Palosz, B.	Zeitschrift fuer Kristallographie (1979-2010) (1980) 153,  p51-p72
42214	P 3 m 1	Cd I2	CdI2(hP21)	A new method of symbolic description of polytypic structures of M X2-type compounds - xyz notation, description of stacking faults - t-o-f notation	Palosz, B.	Zeitschrift fuer Kristallographie (1979-2010) (1980) 153,  p51-p72
42215	P 3 m 1	Cd I2	CdI2(hP24)	A new method of symbolic description of polytypic structures of M X2-type compounds - xyz notation, description of stacking faults - t-o-f notation	Palosz, B.	Zeitschrift fuer Kristallographie (1979-2010) (1980) 153,  p51-p72
42216	P 3 m 1	Cd I2	CdI2(hP24)	A new method of symbolic description of polytypic structures of M X2-type compounds - xyz notation, description of stacking faults - t-o-f notation	Palosz, B.	Zeitschrift fuer Kristallographie (1979-2010) (1980) 153,  p51-p72
42217	P 3 m 1	Cd I2	CdI2(hP24)	A new method of symbolic description of polytypic structures of M X2-type compounds - xyz notation, description of stacking faults - t-o-f notation	Palosz, B.	Zeitschrift fuer Kristallographie (1979-2010) (1980) 153,  p51-p72
42218	P 3 m 1	Cd I2	CdI2(hP27)	A new method of symbolic description of polytypic structures of M X2-type compounds - xyz notation, description of stacking faults - t-o-f notation	Palosz, B.	Zeitschrift fuer Kristallographie (1979-2010) (1980) 153,  p51-p72
42219	P 3 m 1	Cd I2	CdI2(hP27)	A new method of symbolic description of polytypic structures of M X2-type compounds - xyz notation, description of stacking faults - t-o-f notation	Palosz, B.	Zeitschrift fuer Kristallographie (1979-2010) (1980) 153,  p51-p72
42220	P 3 m 1	Cd I2	CdI2(hP27)	A new method of symbolic description of polytypic structures of M X2-type compounds - xyz notation, description of stacking faults - t-o-f notation	Palosz, B.	Zeitschrift fuer Kristallographie (1979-2010) (1980) 153,  p51-p72
42221	P 3 m 1	Cd I2	CdI2(hP27)	A new method of symbolic description of polytypic structures of M X2-type compounds - xyz notation, description of stacking faults - t-o-f notation	Palosz, B.	Zeitschrift fuer Kristallographie (1979-2010) (1980) 153,  p51-p72
42222	P 3 m 1	Cd I2	CdI2(hP30)	A new method of symbolic description of polytypic structures of M X2-type compounds - xyz notation, description of stacking faults - t-o-f notation	Palosz, B.	Zeitschrift fuer Kristallographie (1979-2010) (1980) 153,  p51-p72
42223	P 3 m 1	Cd I2	CdI2(hP30)	A new method of symbolic description of polytypic structures of M X2-type compounds - xyz notation, description of stacking faults - t-o-f notation	Palosz, B.	Zeitschrift fuer Kristallographie (1979-2010) (1980) 153,  p51-p72
42224	P 3 m 1	Cd I2	CdI2(hP30)	A new method of symbolic description of polytypic structures of M X2-type compounds - xyz notation, description of stacking faults - t-o-f notation	Palosz, B.	Zeitschrift fuer Kristallographie (1979-2010) (1980) 153,  p51-p72
42225	P 3 m 1	Cd I2	CdI2(hP30)	A new method of symbolic description of polytypic structures of M X2-type compounds - xyz notation, description of stacking faults - t-o-f notation	Palosz, B.	Zeitschrift fuer Kristallographie (1979-2010) (1980) 153,  p51-p72
42226	P 3 m 1	Cd I2	CdI2(hP30)	A new method of symbolic description of polytypic structures of M X2-type compounds - xyz notation, description of stacking faults - t-o-f notation	Palosz, B.	Zeitschrift fuer Kristallographie (1979-2010) (1980) 153,  p51-p72
42227	P 3 m 1	Cd I2	CdI2(hP30)	A new method of symbolic description of polytypic structures of M X2-type compounds - xyz notation, description of stacking faults - t-o-f notation	Palosz, B.	Zeitschrift fuer Kristallographie (1979-2010) (1980) 153,  p51-p72
42228	P 3 m 1	Cd I2	CdI2(hP30)	A new method of symbolic description of polytypic structures of M X2-type compounds - xyz notation, description of stacking faults - t-o-f notation	Palosz, B.	Zeitschrift fuer Kristallographie (1979-2010) (1980) 153,  p51-p72
42229	P 3 m 1	Cd I2	CdI2(hP33)	A new method of symbolic description of polytypic structures of MX2-type compounds - xyz notation, description of stacking faults - t-o-f notation	Palosz, B.	Zeitschrift fuer Kristallographie (1979-2010) (1980) 153,  p51-p72
42230	P 3 m 1	Cd I2	CdI2(hP33)	A new method of symbolic description of polytypic structures of M X2-type compounds - xyz notation, description of stacking faults - t-o-f notation	Palosz, B.	Zeitschrift fuer Kristallographie (1979-2010) (1980) 153,  p51-p72
42231	P 3 m 1	Cd I2	CdI2(hP33)	A new method of symbolic description of polytypic structures of M X2-type compounds - xyz notation, description of stacking faults - t-o-f notation	Palosz, B.	Zeitschrift fuer Kristallographie (1979-2010) (1980) 153,  p51-p72
42238	P 3 m 1	Cd I2	CdI2(hP39)	A new method of symbolic description of polytypic structures of M X2-type compounds - xyz notation, description of stacking faults - t-o-f notation	Palosz, B.	Zeitschrift fuer Kristallographie (1979-2010) (1980) 153,  p51-p72
42239	P 3 m 1	Cd I2	CdI2(hP39)	A new method of symbolic description of polytypic structures of M X2-type compounds - xyz notation, description of stacking faults - t-o-f notation	Palosz, B.	Zeitschrift fuer Kristallographie (1979-2010) (1980) 153,  p51-p72
42240	P 3 m 1	Cd I2	CdI2(hP42)	A new method of symbolic description of polytypic structures of M X2-type compounds - xyz notation, description of stacking faults - t-o-f notation	Palosz, B.	Zeitschrift fuer Kristallographie (1979-2010) (1980) 153,  p51-p72
42241	P 3 m 1	Cd I2	CdI2(hP42)	A new method of symbolic description of polytypic structures of M X2-type compounds - xyz notation, description of stacking faults - t-o-f notation	Palosz, B.	Zeitschrift fuer Kristallographie (1979-2010) (1980) 153,  p51-p72
42242	P 3 m 1	Cd I2	CdI2(hP42)	A new method of symbolic description of polytypic structures of M X2-type compounds - xyz notation, description of stacking faults - t-o-f notation	Palosz, B.	Zeitschrift fuer Kristallographie (1979-2010) (1980) 153,  p51-p72
42243	P 3 m 1	Cd I2	CdI2(hP42)	A new method of symbolic description of polytypic structures of M X2-type compounds - xyz notation, description of stacking faults - t-o-f notation	Palosz, B.	Zeitschrift fuer Kristallographie (1979-2010) (1980) 153,  p51-p72
42244	P 3 m 1	Cd I2	CdI2(hP45)	A new method of symbolic description of polytypic structures of M X2-type compounds - xyz notation, description of stacking faults - t-o-f notation	Palosz, B.	Zeitschrift fuer Kristallographie (1979-2010) (1980) 153,  p51-p72
42245	P 3 m 1	Cd I2	CdI2(hP45)	A new method of symbolic description of polytypic structures of M X2-type compounds - xyz notation, description of stacking faults - t-o-f notation	Palosz, B.	Zeitschrift fuer Kristallographie (1979-2010) (1980) 153,  p51-p72
42246	P 3 m 1	Cd I2	CdI2(hP45)	A new method of symbolic description of polytypic structures of M X2-type compounds - xyz notation, description of stacking faults - t-o-f notation	Palosz, B.	Zeitschrift fuer Kristallographie (1979-2010) (1980) 153,  p51-p72
42247	P 3 m 1	Cd I2	CdI2(hP45)	A new method of symbolic description of polytypic structures of M X2-type compounds - xyz notation, description of stacking faults - t-o-f notation	Palosz, B.	Zeitschrift fuer Kristallographie (1979-2010) (1980) 153,  p51-p72
42248	P 3 m 1	Cd I2	CdI2(hP45)	A new method of symbolic description of polytypic structures of M X2-type compounds - xyz notation, description of stacking faults - t-o-f notation	Palosz, B.	Zeitschrift fuer Kristallographie (1979-2010) (1980) 153,  p51-p72
42251	P 3 m 1	Cd I2	CdI2(hP54)	A new method of symbolic description of polytypic structures of M X2-type compounds - xyz notation, description of stacking faults - t-o-f notation	Palosz, B.	Zeitschrift fuer Kristallographie (1979-2010) (1980) 153,  p51-p72
42253	P 3 m 1	Cd I2	CdI2(hP12)	A new method of symbolic description of polytypic structures of M X2-type compounds - xyz notation, description of stacking faults - t-o-f notation	Palosz, B.	Zeitschrift fuer Kristallographie (1979-2010) (1980) 153,  p51-p72
42255	P 3 m 1	Cd I2	CdI2(hP18)	A new method of symbolic description of polytypic structures of M X2-type compounds - xyz notation, description of stacking faults - t-o-f notation	Palosz, B.	Zeitschrift fuer Kristallographie (1979-2010) (1980) 153,  p51-p72
42256	P 3 m 1	Cd I2	CdI2(hP18)	A new method of symbolic description of polytypic structures of M X2-type compounds - xyz notation, description of stacking faults - t-o-f notation	Palosz, B.	Zeitschrift fuer Kristallographie (1979-2010) (1980) 153,  p51-p72
42257	P 3 m 1	Cd I2	CdI2(hP18)	A new method of symbolic description of polytypic structures of M X2-type compounds - xyz notation, description of stacking faults - t-o-f notation	Palosz, B.	Zeitschrift fuer Kristallographie (1979-2010) (1980) 153,  p51-p72
42258	P 3 m 1	Cd I2	CdI2(hP18)	A new method of symbolic description of polytypic structures of M X2-type compounds - xyz notation, description of stacking faults - t-o-f notation	Palosz, B.	Zeitschrift fuer Kristallographie (1979-2010) (1980) 153,  p51-p72
42259	P 3 m 1	Cd I2	CdI2(hP21)	A new method of symbolic description of polytypic structures of M X2-type compounds - xyz notation, description of stacking faults - t-o-f notation	Palosz, B.	Zeitschrift fuer Kristallographie (1979-2010) (1980) 153,  p51-p72
42260	P 3 m 1	Cd I2	CdI2(hP24)	A new method of symbolic description of polytypic structures of M X2-type compounds - xyz notation, description of stacking faults - t-o-f notation	Palosz, B.	Zeitschrift fuer Kristallographie (1979-2010) (1980) 153,  p51-p72
42262	P 3 m 1	Cd I2	CdI2(hP27)	A new method of symbolic description of polytypic structures of M X2-type compounds - xyz notation, description of stacking faults - t-o-f notation	Palosz, B.	Zeitschrift fuer Kristallographie (1979-2010) (1980) 153,  p51-p72
42263	P 3 m 1	Cd I2	CdI2(hP27)	A new method of symbolic description of polytypic structures of M X2-type compounds - xyz notation, description of stacking faults - t-o-f notation	Palosz, B.	Zeitschrift fuer Kristallographie (1979-2010) (1980) 153,  p51-p72
42264	P 3 m 1	Cd I2	CdI2(hP27)	A new method of symbolic description of polytypic structures of M X2-type compounds - xyz notation, description of stacking faults - t-o-f notation	Palosz, B.	Zeitschrift fuer Kristallographie (1979-2010) (1980) 153,  p51-p72
42265	P 3 m 1	Cd I2	CdI2(hP30)	A new method of symbolic description of polytypic structures of M X2-type compounds - xyz notation, description of stacking faults - t-o-f notation	Palosz, B.	Zeitschrift fuer Kristallographie (1979-2010) (1980) 153,  p51-p72
42270	R 3 m H	Cd I2	CdI2(hR12)	A new method of symbolic description of polytypic structures of M X2-type compounds - xyz notation, description of stacking faults - t-o-f notation	Palosz, B.	Zeitschrift fuer Kristallographie (1979-2010) (1980) 153,  p51-p72
42272	R 3 m H	Cd I2	CdI2(hR15)	A new method of symbolic description of polytypic structures of M X2-type compounds - xyz notation, description of stacking faults - t-o-f notation	Palosz, B.	Zeitschrift fuer Kristallographie (1979-2010) (1980) 153,  p51-p72
42274	R 3 m H	Cd I2	CdI2(hR18)	A new method of symbolic description of polytypic structures of M X2-type compounds - xyz notation, description of stacking faults - t-o-f notation	Palosz, B.	Zeitschrift fuer Kristallographie (1979-2010) (1980) 153,  p51-p72
42275	R 3 m H	Cd I2	CdI2(hR18)	A new method of symbolic description of polytypic structures of M X2-type compounds - xyz notation, description of stacking faults - t-o-f notation	Palosz, B.	Zeitschrift fuer Kristallographie (1979-2010) (1980) 153,  p51-p72
42276	R 3 m H	Cd I2	CdI2(hR18)	A new method of symbolic description of polytypic structures of M X2-type compounds - xyz notation, description of stacking faults - t-o-f notation	Palosz, B.	Zeitschrift fuer Kristallographie (1979-2010) (1980) 153,  p51-p72
42277	R 3 m H	Cd I2	CdI2(hR18)	A new method of symbolic description of polytypic structures of M X2-type compounds - xyz notation, description of stacking faults - t-o-f notation	Palosz, B.	Zeitschrift fuer Kristallographie (1979-2010) (1980) 153,  p51-p72
42279	R 3 m H	Cd I2	CdI2(hR30)	A new method of symbolic description of polytypic structures of M X2-type compounds - xyz notation, description of stacking faults - t-o-f notation	Palosz, B.	Zeitschrift fuer Kristallographie (1979-2010) (1980) 153,  p51-p72
42280	R 3 m H	Cd I2	CdI2(hR36)	A new method of symbolic description of polytypic structures of MX2-type compounds - xyz notation, description of stacking faults - t-o-f notation	Palosz, B.	Zeitschrift fuer Kristallographie (1979-2010) (1980) 153,  p51-p72
42281	R 3 m H	Cd I2	CdI2(hR42)	A new method of symbolic description of polytypic structures of M X2-type compounds - xyz notation, description of stacking faults - t-o-f notation	Palosz, B.	Zeitschrift fuer Kristallographie (1979-2010) (1980) 153,  p51-p72
42282	R 3 m H	Cd I2	CdI2(hR42)	A new method of symbolic description of polytypic structures of M X2-type compounds - xyz notation, description of stacking faults - t-o-f notation	Palosz, B.	Zeitschrift fuer Kristallographie (1979-2010) (1980) 153,  p51-p72
42283	P 3 m 1	Cd I2	CdI2(hP24)	Identification of polytypes of M X2-type compounds: II. Structures of 20 new polytypes of cadmium iodide	Palosz, B.	Acta Crystallographica, Section C: Crystal Structure Communications (1983) 39,  p521-p528
42284	P 3 m 1	Cd I2	CdI2(hP30)	Identification of polytypes of M X2-type compounds: II. Structures of 20 new polytypes of cadmium iodide	Palosz, B.	Acta Crystallographica, Section C: Crystal Structure Communications (1983) 39,  p521-p528
42285	P 3 m 1	Cd I2	CdI2(hP33)	Identification of polytypes of M X2-type compounds: II. Structures of 20 new polytypes of cadmium iodide	Palosz, B.	Acta Crystallographica, Section C: Crystal Structure Communications (1983) 39,  p521-p528
42286	P 3 m 1	Cd I2	CdI2(hP33)	Identification of polytypes of M X2-type compounds: II. Structures of 20 new polytypes of cadmium iodide	Palosz, B.	Acta Crystallographica, Section C: Crystal Structure Communications (1983) 39,  p521-p528
42287	P 3 m 1	Cd I2	CdI2(hP33)	Identification of polytypes of M X2-type compounds: II. Structures of 20 new polytypes of cadmium iodide	Palosz, B.	Acta Crystallographica, Section C: Crystal Structure Communications (1983) 39,  p521-p528
42288	P 3 m 1	Cd I2	CdI2(hP39)	Identification of polytypes of M X2-type compounds: II. Structures of 20 new polytypes of cadmium iodide	Palosz, B.	Acta Crystallographica, Section C: Crystal Structure Communications (1983) 39,  p521-p528
42289	P 3 m 1	Cd I2	CdI2(hP42)	Identification of polytypes of M X2-type compounds: II. Structures of 20 new polytypes of cadmium iodide	Palosz, B.	Acta Crystallographica, Section C: Crystal Structure Communications (1983) 39,  p521-p528
42290	P 3 m 1	Cd I2	CdI2(hP57)	Identification of polytypes of M X2-type compounds: II. Structures of 20 new polytypes of cadmium iodide	Palosz, B.	Acta Crystallographica, Section C: Crystal Structure Communications (1983) 39,  p521-p528
42291	P 3 m 1	Cd I2	CdI2(hP60)	Identification of polytypes of M X2-type compounds: II. Structures of 20 new polytypes of cadmium iodide	Palosz, B.	Acta Crystallographica, Section C: Crystal Structure Communications (1983) 39,  p521-p528
42292	P 3 m 1	Cd I2	CdI2(hP60)	Identification of polytypes of M X2-type compounds: II. Structures of 20 new polytypes of cadmium iodide	Palosz, B.	Acta Crystallographica, Section C: Crystal Structure Communications (1983) 39,  p521-p528
42293	R 3 m H	Cd I2	CdI2(hR12)	Identification of polytypes of M X2-type compounds: II. Structures of 20 new polytypes of cadmium iodide	Palosz, B.	Acta Crystallographica, Section C: Crystal Structure Communications (1983) 39,  p521-p528
42294	R 3 m H	Cd I2	CdI2(hR24)	Identification of polytypes of M X2-type compounds: II. Structures of 20 new polytypes of cadmium iodide	Palosz, B.	Acta Crystallographica, Section C: Crystal Structure Communications (1983) 39,  p521-p528
42295	R 3 m H	Cd I2	CdI2(hR24)	Identification of polytypes of M X2-type compounds: II. Structures of 20 new polytypes of cadmium iodide	Palosz, B.	Acta Crystallographica, Section C: Crystal Structure Communications (1983) 39,  p521-p528
42296	R 3 m H	Cd I2	CdI2(hR27)	Identification of polytypes of M X2 - type compounds: II. Structures of 20 new polytypes of cadmium iodide	Palosz, B.	Acta Crystallographica, Section C: Crystal Structure Communications (1983) 39,  p521-p528
42299	R 3 m H	Cd I2	CdI2(hR42)	Identification of polytypes of M X2-type compounds: II. Structures of 20 new polytypes of cadmium iodide	Palosz, B.	Acta Crystallographica, Section C: Crystal Structure Communications (1983) 39,  p521-p528
42300	R 3 m H	Cd I2	CdI2(hR42)	Identification of polytypes of M X2-type compounds: II. Structures of 20 new polytypes of cadmium iodide	Palosz, B.	Acta Crystallographica, Section C: Crystal Structure Communications (1983) 39,  p521-p528
42303	P 3 m 1	Cd I2	CdI2(hP21)	Identification of polytypes of M X2-type compounds: I. Structures of 19 new polytypes of cadmium iodide	Palosz, B.	Acta Crystallographica B (24,1968-38,1982) (1982) 38,  p3001-p3009
42304	P 3 m 1	Cd I2	CdI2(hP33)	Identification of polytypes of M X2-type compounds: I. Structures of 19 new polytypes of cadmium iodide	Palosz, B.	Acta Crystallographica B (24,1968-38,1982) (1982) 38,  p3001-p3009
42305	P 3 m 1	Cd I2	CdI2(hP33)	Identification of polytypes of M X2-type compounds: I. Structures of 19 new polytypes of cadmium iodide	Palosz, B.	Acta Crystallographica B (24,1968-38,1982) (1982) 38,  p3001-p3009
42307	P 3 m 1	Cd I2	CdI2(hP39)	Identification of polytypes of M X2-type compounds: I. Structures of 19 new polytypes of cadmium iodide	Palosz, B.	Acta Crystallographica B (24,1968-38,1982) (1982) 38,  p3001-p3009
42308	P 3 m 1	Cd I2	CdI2(hP57)	Identification of polytypes of M X2-type compounds: I. Structures of 19 new polytypes of cadmium iodide	Palosz, B.	Acta Crystallographica B (24,1968-38,1982) (1982) 38,  p3001-p3009
42312	P 3 m 1	Cd I2	CdI2(hP18)	Identification of polytypes of M X2-type compounds: I. Structures of 19 new polytypes of cadmium iodide	Palosz, B.	Acta Crystallographica B (24,1968-38,1982) (1982) 38,  p3001-p3009
42315	P 3 m 1	Cd I2	CdI2(hP48)	Identification of polytypes of M X2-type compounds: I. Structures of 19 new polytypes of cadmium iodide	Palosz, B.	Acta Crystallographica B (24,1968-38,1982) (1982) 38,  p3001-p3009
42317	R 3 m H	Cd I2	CdI2(hR24)	Identification of polytypes of M X2-type compounds: I. Structures of 19 new polytypes of cadmium iodide	Palosz, B.	Acta Crystallographica B (24,1968-38,1982) (1982) 38,  p3001-p3009
42318	R 3 m H	Cd I2	CdI2(hR27)	Identification of polytypes of M X2-type compounds: I. Structures of 19 new polytypes of cadmium iodide	Palosz, B.	Acta Crystallographica B (24,1968-38,1982) (1982) 38,  p3001-p3009
42319	R 3 m H	Cd I2	CdI2(hR27)	Identification of polytypes of M X2-type compounds: I. Structures of 19 new polytypes of cadmium iodide	Palosz, B.	Acta Crystallographica B (24,1968-38,1982) (1982) 38,  p3001-p3009
42320	R 3 m H	Cd I2	CdI2(hR30)	Identification of polytypes of M X2-type compounds: I. Structures of 19 new polytypes of cadmium iodide	Palosz, B.	Acta Crystallographica B (24,1968-38,1982) (1982) 38,  p3001-p3009
42321	R 3 m H	Cd I2	CdI2(hR36)	Identification of polytypes of M X2-type compounds: I. Structures of 19 new polytypes of cadmium iodide	Palosz, B.	Acta Crystallographica B (24,1968-38,1982) (1982) 38,  p3001-p3009
44791	P -3 m 1	Cd I2	CdI2	Polytypism of cadmium iodide and its relationship to screw dislocations	Mitchell, R.S.	Zeitschrift fuer Kristallographie, Kristallgeometrie, Kristallphysik, Kristallchemie (-144,1977) (1956) 108,  p296-p315
44792	P 3 m 1	Cd I2	CdI2(hP12)	Polytypism of cadmium iodide and its relationship to screw dislocations	Mitchell, R.S.	Zeitschrift fuer Kristallographie, Kristallgeometrie, Kristallphysik, Kristallchemie (-144,1977) (1956) 108,  p296-p315
44794	P 3 m 1	Cd I2	CdI2(hP18)	Polytypism of cadmium iodide and its relationship to screw dislocations	Mitchell, R.S.	Zeitschrift fuer Kristallographie, Kristallgeometrie, Kristallphysik, Kristallchemie (-144,1977) (1956) 108,  p296-p315
44795	P 3 m 1	Cd I2	CdI2(hP18)	Polytypism of cadmium iodide and its relationship to screw dislocations	Mitchell, R.S.	Zeitschrift fuer Kristallographie, Kristallgeometrie, Kristallphysik, Kristallchemie (-144,1977) (1956) 108,  p296-p315
44796	P 3 m 1	Cd I2	CdI2(hP18)	Polytypism of cadmium iodide and its relationship to screw dislocations	Mitchell, R.S.	Zeitschrift fuer Kristallographie, Kristallgeometrie, Kristallphysik, Kristallchemie (-144,1977) (1956) 108,  p296-p315
44797	P 3 m 1	Cd I2	CdI2(hP21)	Polytypism of cadmium iodide and its relationship to screw dislocations	Mitchell, R.S.	Zeitschrift fuer Kristallographie, Kristallgeometrie, Kristallphysik, Kristallchemie (-144,1977) (1956) 108,  p296-p315
76015	P -3 m 1	Ta N0.5	CdI2	Die Nitride des Tantals	Brauer, G.;  Zapp, K.H.	Zeitschrift fuer Anorganische und Allgemeine Chemie (1950) (DE) (1954) 277,  p129-p139
76037	P -3 m 1	Zr S2	CdI2	X-ray studies of sulfides of titanium, zirconium, niobium, and tantalum	Haegg, G.;  Schoenberg, N.	Arkiv foer Kemi (1954) 7,  p371-p380
76576	P -3 m 1	Nb Se2	CdI2	On the polymorphism of niobium diselenide	Kadijk, F.;  Jellinek, F.	Journal of the Less-Common Metals (1971) 23,  p437-p441
27267	R 3 m H	Cd I2	CdI2(hR12)	Crystal structures of four new polytypes of cadmium iodide	Jain, R.K.;  Chadha, G.K.;  Trigunayat, G.C.	Acta Crystallographica B (24,1968-38,1982) (1970) 26,  p1785-p1791
27268	R 3 m H	Cd I2	CdI2(hR18)	Crystal structures of four new polytypes of cadmium iodide	Jain, R.K.;  Chadha, G.K.;  Trigunayat, G.C.	Acta Crystallographica B (24,1968-38,1982) (1970) 26,  p1785-p1791
27269	P 3 m 1	Cd I2	CdI2(hP27)	Crystal structures of four new polytypes of cadmium iodide	Jain, R.K.;  Chadha, G.K.;  Trigunayat, G.C.	Acta Crystallographica B (24,1968-38,1982) (1970) 26,  p1785-p1791
35258	P 3 m 1	Cd I2	CdI2(hP24)	Atomic positions of three new polytypes of Cd I2	Chadha, G.K.	Acta Crystallographica B (24,1968-38,1982) (1982) 38,  p3009-p3011
35446	P 3 m 1	Cd I2	CdI2(hP24)	Structures of five large-period polytypes of cadmium iodide	Chaudhary, S.K.;  Chadha, G.K.;  Trigunayat, G.C.	Acta Crystallographica, Section C: Crystal Structure Communications (1983) 39,  p675-p677
35447	P 3 m 1	Cd I2	CdI2(hP27)	Structures of five large-period polytypes of cadmium iodide	Chaudhary, S.K.;  Chadha, G.K.;  Trigunayat, G.C.	Acta Crystallographica, Section C: Crystal Structure Communications (1983) 39,  p675-p677
35449	P 3 m 1	Cd I2	CdI2(hP45)	Structures of five large-period polytypes of cadmium iodide	Chaudhary, S.K.;  Chadha, G.K.;  Trigunayat, G.C.	Acta Crystallographica, Section C: Crystal Structure Communications (1983) 39,  p675-p677
35450	P 3 m 1	Cd I2	CdI2(hP48)	Structures of five large-period polytypes of cadmium iodide	Chaudhary, S.K.;  Chadha, G.K.;  Trigunayat, G.C.	Acta Crystallographica, Section C: Crystal Structure Communications (1983) 39,  p675-p677
49572	P 3 m 1	Cd I2	CdI2(hP24)	Determination of the structures of three new cadmium iodide polytypes	Sarna, I.;  Chandha, G.K.;  Trigunayat, G.C.	Acta Crystallographica, Section C: Crystal Structure Communications (1984) 40,  p908-p910
49573	P 3 m 1	Cd I2	CdI2(hP33)	Determination of the structures of three new cadmium iodide polytypes	Sarna, I.;  Chandha, G.K.;  Trigunayat, G.C.	Acta Crystallographica, Section C: Crystal Structure Communications (1984) 40,  p908-p910
49574	P 3 m 1	Cd I2	CdI2(hP33)	Determination of the structures of three new cadmium iodide polytypes	Sarna, I.;  Chandha, G.K.;  Trigunayat, G.C.	Acta Crystallographica, Section C: Crystal Structure Communications (1984) 40,  p908-p910
37385	R -3 m H	Cd I2	CdI2(hR9)	Refinements in the method for structure determination of polytypes: Crystal structure analysis of 11 new cadmium iodide polytypes	Jain, P.C.;  Trigunayat, G.C.	Acta Crystallographica B (24,1968-38,1982) (1978) 34,  p2677-p2684
37386	R -3 m H	Cd I2	CdI2(hR12,R3-m)	Refinements in the method for structure determination of polytypes: Crystal structure analysis of 11 new cadmium iodide polytypes	Jain, P.C.;  Trigunayat, G.C.	Acta Crystallographica B (24,1968-38,1982) (1978) 34,  p2677-p2684
36484	P 3 m 1	Cd I2	CdI2(hP27)	Crystal structures of eight new cadmium iodide polytypes	Jain, P.C.;  Wahab, M.A.;  Trigunayat, G.C.	Acta Crystallographica B (24,1968-38,1982) (1978) 34,  p2685-p2689
36486	P 3 m 1	Cd I2	CdI2(hP33)	Crystal structures of eight new cadmium iodide polytypes	Jain, P.C.;  Wahab, M.A.;  Trigunayat, G.C.	Acta Crystallographica B (24,1968-38,1982) (1978) 34,  p2685-p2689
36487	P 3 m 1	Cd I2	CdI2(hP33)	Crystal structures of eight new cadmium iodide polytypes	Jain, P.C.;  Wahab, M.A.;  Trigunayat, G.C.	Acta Crystallographica B (24,1968-38,1982) (1978) 34,  p2685-p2689
36489	P 3 m 1	Cd I2	CdI2(hP42)	Crystal structures of eight new cadmium iodide polytypes	Jain, P.C.;  Wahab, M.A.;  Trigunayat, G.C.	Acta Crystallographica B (24,1968-38,1982) (1978) 34,  p2685-p2689
36490	P 3 m 1	Cd I2	CdI2(hP45)	Crystal structures of eight new cadmium iodide polytypes	Jain, P.C.;  Wahab, M.A.;  Trigunayat, G.C.	Acta Crystallographica B (24,1968-38,1982) (1978) 34,  p2685-p2689
60328	P 3 m 1	Pb I2	CdI2(hP45)	Polytypism of Sn Se2 crystals grown by chemical transport: Structures of six large-period polytypes of Sn Se2	Palosz, B.;  Gierlotka, S.;  Wiktorowska, B.;  Dziag, D.	Acta Crystallographica, Section C: Crystal Structure Communications (1985) 41,  p1407-p1409
27270	P 3 m 1	Cd I2	CdI2(hP45)	Crystal structures of four new polytypes of cadmium iodide	Jain, R.K.;  Chadha, G.K.;  Trigunayat, G.C.	Acta Crystallographica B (24,1968-38,1982) (1970) 26,  p1785-p1791
37377	P 3 m 1	Cd I2	CdI2(hP21)	Refinements in the method for structure determination of polytypes: crystal structure analysis of 11 new cadmium iodide polytypes	Jain, P.C.;  Trigunayat, G.C.	Acta Crystallographica B (24,1968-38,1982) (1978) 34,  p2677-p2684
37378	P 63 m c	Cd I2	CdI2(hP24,P63mc)	Refinements in the method for structure determination of polytypes: crystal structure analysis of 11 new cadmium iodide polytypes	Jain, P.C.;  Trigunayat, G.C.	Acta Crystallographica B (24,1968-38,1982) (1978) 34,  p2677-p2684
37379	P 3 m 1	Cd I2	CdI2(hP30)	Refinements in the method for structure determination of polytypes: crystal structure analysis of 11 new cadmium iodide polytypes	Jain, P.C.;  Trigunayat, G.C.	Acta Crystallographica B (24,1968-38,1982) (1978) 34,  p2677-p2684
37380	P 3 m 1	Cd I2	CdI2(hP30)	Refinements in the method for structure determination of polytypes: crystal structure analysis of 11 new cadmium iodide polytypes	Jain, P.C.;  Trigunayat, G.C.	Acta Crystallographica B (24,1968-38,1982) (1978) 34,  p2677-p2684
88721	P -3 m 1	Co O1.92	CdI2	In situ structural and electrochemical study of Ni1-x Cox O2 metastable oxides prepared by soft chemistry	Tarascon, J.M.;  Vaughan, G.;  Chabre, Y.;  Seguin, L.;  Anne, M.;  Strobel, P.;  Amatucci, G.	Journal of Solid State Chemistry (1999) 147,  p410-p420
88722	P -3 m 1	Co O2	CdI2	In situ structural and electrochemical study of Ni1-x Cox O2 metastable oxides prepared by soft chemistry	Tarascon, J.M.;  Vaughan, G.;  Chabre, Y.;  Seguin, L.;  Anne, M.;  Strobel, P.;  Amatucci, G.	Journal of Solid State Chemistry (1999) 147,  p410-p420
42693	R 3 m H	Cd I2	CdI2(hR30)	Structure and growth of three new polytypes of cadmium iodide 60R, 72R, and 32H. A new possible method of determining atomic structure of polytypes bases on evaluation of theoretical stacking fault energy	Prasad, R.;  Srivastava, O.N.	Acta Crystallographica A (24,1968-38,1982) (1971) 27,  p259-p264
42694	R 3 m H	Cd I2	CdI2(hR36)	Structure and growth of three new polytypes of cadmium iodide 60R, 72R, and 32H. A new possible method of determining atomic structure of polytypes bases on evaluation of theoretical stacking fault energy	Prasad, R.;  Srivastava, O.N.	Acta Crystallographica A (24,1968-38,1982) (1971) 27,  p259-p264
53046	P -3 m 1	Hf Te1.94	CdI2	The preparation and X-ray characterization of Hf Te2-x, x=0.061	Smeggil, J.G.;  Bartram, S.	Journal of Solid State Chemistry (1972) 5,  p391-p394
91579	P -3 m 1	Ti S2	CdI2	Structural analysis of the layered compounds Cux Ti S2	Kusawake, T.;  Takahashi, Y.;  Ohshima, K.I.	Mol. Cryst. and Liq. Cryst. (2000) 341,  p93-p98
409555	P -3 m 1	Ta2 C	CdI2	Refinement of the crystal structure of ditantalum monocarbide, Ta2 C	Lissner, F.;  Schleid, T.	Zeitschrift fuer Kristallographie - New Crystal Structures (2001) 216,  p329-p330
409571	P -3 m 1	Fe Br2	CdI2	Refinement of the crystal structure of iron dibromide, Fe Br2	Haberecht, J.;  Borrmann, H.;  Kniep, R.	Zeitschrift fuer Kristallographie - New Crystal Structures (2001) 216,  p510-p510
52195	P -3 m 1	Ti S2	CdI2	Structure refinement of stoichiometric Ti S2	Chianelli, R.R.;  Scanlon, J.C.;  Thompson, A.H.	Materials Research Bulletin (1975) 10,  p1379-p1382
52279	P -3 m 1	Mg I2	CdI2	Die Kristallstruktur des wasserfreien Magnesiumjodids und Calciumjodids	Blum, H.	Zeitschrift fuer Physikalische Chemie, Abteilung B: Chemie der Elementarprozesse, Aufbau der Materie (1933) 22,  p298-p304
52280	P -3 m 1	Ca I2	CdI2	Die Kristallstruktur des wasserfreien Magnesiumjodids und Calciumjodids	Blum, H.	Zeitschrift fuer Physikalische Chemie, Abteilung B: Chemie der Elementarprozesse, Aufbau der Materie (1933) 22,  p298-p304
52364	P -3 m 1	Co Br2	CdI2	Crystal structure of the bromides of divalent metals	Ferrari, A.;  Giorgio, F.	Atti della Accademia Nazionale dei Lincei, Classe di Fisiche, Matematiche e Naturali, Rendiconti (1929) 9,  p782-p789
52365	P -3 m 1	Fe Br2	CdI2	Crystal structure of the bromides of divalent metals	Ferrari, A.;  Giorgio, F.	Atti della Accademia Nazionale dei Lincei, Classe di Fisiche, Matematiche e Naturali, Rendiconti (1929) 9,  p782-p789
52366	P -3 m 1	Mg Br2	CdI2	Crystal structure of the bromides of divalent metals	Ferrari, A.;  Giorgio, F.	Atti della Accademia Nazionale dei Lincei, Classe di Fisiche, Matematiche e Naturali, Rendiconti (1929) 9,  p782-p789
52368	P -3 m 1	Co I2	CdI2	Crystal structure of the iodides of divalent metals	Ferrari, A.;  Giorgio, F.	Atti della Accademia Nazionale dei Lincei, Classe di Fisiche, Matematiche e Naturali, Rendiconti (1929) 10,  p522-p527
52369	P -3 m 1	Fe I2	CdI2	Crystal structure of the iodides of divalent metals	Ferrari, A.;  Giorgio, F.	Atti della Accademia Nazionale dei Lincei, Classe di Fisiche, Matematiche e Naturali, Rendiconti (1929) 10,  p522-p527
52370	P -3 m 1	Pb I2	CdI2	Crystal structure of the iodides of divalent metals	Ferrari, A.;  Giorgio, F.	Atti della Accademia Nazionale dei Lincei, Classe di Fisiche, Matematiche e Naturali, Rendiconti (1929) 10,  p522-p527
52756	P 63 m c	(Ca0.87 Li0.13) Ge2	CdI2(hP6)	Ca0.9 Li0.13 Ge1.97 - eine neue Stapelvariante des Ca Si2-Typs	Mueller, W.;  Schaefer, H.;  Weiss, A.	Zeitschrift fuer Naturforschung, Teil B. Anorganische Chemie, Organische Chemie (2,1947-32,1977) (1970) 25,  p431-p432
77324	P -3 m 1	Pb I2	CdI2	Electronographic investigation of the structure of lead iodide	Pinsker, Z.G.;  Tatarinova, L.I.;  Novikova, V.A.	Zhurnal Fizicheskoi Khimii (1943) 18,  p419-p424
77907	P -3 m 1	Yb I2	CdI2	Messungen an zwei- und vierwertigen Verbindungen der seltenen Erden. VI. Ueber die Struktur einiger Dihalogenide	Doell, W.;  Klemm, W.	Zeitschrift fuer Anorganische und Allgemeine Chemie (1950) (DE) (1939) 241,  p239-p258
53983	P -3 m 1	Cd I2	CdI2	Crystal structure of Cd I2	Bozorth, R.M.	Journal of the American Chemical Society (1922) 44,  p2232-p2236
56010	P -3 m 1	Ti Se2	CdI2	Geochemische Verteilungsgesetze VIII. Bau und Eigenschaften der Krystalle	Goldschmidt, V.M.	Skrifter utgitt av det Norske Videnskaps-Akademi i Oslo 1: Matematisk-Naturvidenskapelig Klasse (1927) 1927, (8) p1-p156
56011	P -3 m 1	Ti Te2	CdI2	Geochemische Verteilungsgesetze VIII. Bau und Eigenschaften der Krystalle	Goldschmidt, V.M.	Skrifter utgitt av det Norske Videnskaps-Akademi i Oslo 1: Matematisk-Naturvidenskapelig Klasse (1927) 1927, (8) p1-p156
56012	P -3 m 1	Zr S2	CdI2	Crystal structures of Zr S2 and Zr Se2	van Arkel, A.E.	Physica (Amsterdam) (1,1921-13,1933) (1924) 4,  p286-p301
56013	P -3 m 1	Zr Se2	CdI2	Crystal structures of Zr S2 and Zr Se2	van Arkel, A.E.	Physica (Amsterdam) (1,1921-13,1933) (1924) 4,  p286-p301
56177	P -3 m 1	Tc2 H0.9	CdI2	Neutron diffraction investigation of the structure of technetium hydrides	Glazkov, V.P.;  Irodova, A.V.;  Somenkov, V.A.;  Shil&#39;shtein, S.Sh.;  Antonov, V.A.;  Ponyatovskii, E.G.	Fizika Tverdogo Tela (Leningrad) (= Solid State Physics) (1984) 26,  p3261-p3265
31536	R -3 m H	Cd Br2	CdI2(hR6)	The crystal structure of a new polytype 12R of cadmium bromide	Sharma, S.D.;  Sharma, G.L.;  Agrawal, V.K.	Acta Crystallographica B (24,1968-38,1982) (1980) 36,  p26-p28
24313	P -3 m 1	Ta Se2	CdI2	On the structural properties of the Ta1+x Se2 phase	Bjerkelund, E.;  Kjekshus, A.	Acta Chemica Scandinavica (1-27,1973-42,1988) (1967) 21,  p513-p526
24756	P -3 m 1	Ta S2	CdI2	X-ray studies of sulfides of titanium, zirconium, niobium, and tantalum	Haegg, G.;  Schoenberg, N.	Arkiv foer Kemi (1954) 7,  p371-p380
26861	P -3 m 1	Ti S2	CdI2	Roentgenographische Untersuchungen von Sn S2, Ti S2, Ti Se2, Ti Te2	Oftedal, I.	Zeitschrift fuer Physikalische Chemie (Leipzig) (1928) 134,  p301-p310
26862	P -3 m 1	Ti Se2	CdI2	Roentgenographische Untersuchungen von Sn S2, Ti S2, Ti Se2, Ti Te2	Oftedal, I.	Zeitschrift fuer Physikalische Chemie (Leipzig) (1928) 134,  p301-p310
41663	P -3 m 1	Ti S2	CdI2	Structure determinatiom of LiX Ti S2 by neutron diffraction	Dahn, J.R.;  McKinnon, W.R.;  Haering, R.R.;  Buyers, W.J.L.;  Powell, B.M.	Canadian Journal of Physics (1980) 58,  p207-p213
43617	P -3 m 1	Ti Se2	CdI2	X-ray study of titanium selenides	Groenvold, F.;  Langmyhr, F.J.	Acta Chemica Scandinavica (1-27,1973-42,1988) (1961) 15,  p1949-p1962
52115	P -3 m 1	Ta S2	CdI2	The system tantalum-sulfur	Jellinek, F.	Journal of the Less-Common Metals (1962) 4,  p9-p15
80091	P -3 m 1	Ti Se2	CdI2	The crystal structures of Ti Se2 and Ti Te2	Minagawa, T.	Osaka Kyoiku Daigaku Kiyo, Dai-3-bumon (Memoirs of Osaka Kyoiku University, Series III) (1994) 43, (1) p39-p45
85323	P -3 m 1	Ta S2	CdI2	X-ray crystal structure refinement of the nearly commensurate phase of 1T-(Ta S2) in (3+2)-dimensional superspace	Spijkerman, A.;  de Boer, J.L.;  Meetsma, A.;  Wiegers, G.A.;  van Smaalen, S.	Physical Review, Serie 3. B - Condensed Matter (18,1978-) (1997) 56,  p13757-p13767
281551	P -3 m 1	Mg I2	CdI2	Magnesium diiodide, Mg I2	Brogan, M.A.;  Blake, A.J.;  Wilson, C.;  Gregory, D.H.	Acta Crystallographica, Section C: Crystal Structure Communications (2003) 59,  pi136-pi138
99784	P -3 m 1	Ti2 O	CdI2	High-temperature synchrotron X-ray diffraction study of phases in a gamma Ti Al alloy	Novoselova, T.;  Malinov, S.;  Sha, W.;  Zhecheva, A.	Materials Science and Engineering A: Structural Matrials: Properties, Microstructure and Processing (2004) 371,  p103-p112
601164	P -3 m 1	Hf S2	CdI2	The expansivities and the thermal degradation of some layer compounds	Al-Alamy, F.A.S.;  Balchin, A.A.;  White, M.	Journal of Materials Science (1977) 12,  p2037-p2042
601166	P -3 m 1	Zr S2	CdI2	The expansivities and the thermal degradation of some layer compounds	Al-Alamy, F.A.S.;  Balchin, A.A.;  White, M.	Journal of Materials Science (1977) 12,  p2037-p2042
601182	P -3 m 1	Ti S2	CdI2	The expansivities and the thermal degradation of some layer compounds	Al-Alamy, F.A.S.;  Balchin, A.A.;  White, M.	Journal of Materials Science (1977) 12,  p2037-p2042
601190	P -3 m 1	Sn Se2	CdI2	The expansivities and the thermal degradation of some layer compounds	Al-Alamy, F.A.S.;  Balchin, A.A.;  White, M.	Journal of Materials Science (1977) 12,  p2037-p2042
601191	P -3 m 1	Sn (S Se)	CdI2	The expansivities and the thermal degradation of some layer compounds	Al-Alamy, F.A.S.;  Balchin, A.A.;  White, M.	Journal of Materials Science (1977) 12,  p2037-p2042
601315	P -3 m 1	Ti S2	CdI2	Synthesis and characterization of nearly stoichiometric titanium disulfide	McKelvy, M.J.;  Glaunsinger, W.S.	Journal of Solid State Chemistry (1987) 66, (1) p181-p188
601542	P -3 m 1	Zr Se2	CdI2	Non-stoichiometry in Zr S2 and Zr Se2	Whitehouse, C.R.;  Balchin, A.A.	Physica Status Solidi A - Applications and Materials (1978) 47, (2) pK173-pK176
602283	P -3 m 1	Sn S2	CdI2	Crystallography and temperature dependance of the resistivity of Sn S2-x Sex solid solutions	Harbec, J.Y.;  Paquet, Y.;  Jandl, S.	Canadian Journal of Physics (1978) 56,  p1136-p1139
602309	P -3 m 1	Zr S2	CdI2	Non-stoichiometry in Zr S2 and Zr Se2	Whitehouse, C.R.;  Balchin, A.A.	Physica Status Solidi A - Applications and Materials (1978) 47, (2) pK173-pK176
603582	P -3 m 1	V Te2	CdI2	The crystal structure of vanadium ditelluride, V1+x Te2	Bronsema, K.D.;  Bus, G.W.;  Wiegers, G.A.	Journal of Solid State Chemistry (1984) 53, (3) p415-p421
603599	P -3 m 1	Ti Se2	CdI2	Magnetic properties of iron-intercalated titanium diselenide	Huntley, D.R.;  Sienko, M.J.;  Hiebl, K.	Journal of Solid State Chemistry (1984) 52, (3) p233-p243
603713	P -3 m 1	Hf Te2	CdI2	Anomalies in the properties of Hf (S2-x Tex)1-y and Hf (Se2-x Tex)1-y near the metal-insulator transition	Hodul, D.T.;  Stacy, A.M.	Journal of Solid State Chemistry (1984) 54, (3) p438-p446
603742	P -3 m 1	Hf (S Te)	CdI2	Anomalies in the properties of Hf (S2-x Tex)1-y and Hf (Se2-x Tex)1-y near the metal-insulator transition	Hodul, D.T.;  Stacy, A.M.	Journal of Solid State Chemistry (1984) 54, (3) p438-p446
603743	P -3 m 1	Hf Se2	CdI2	Anomalies in the properties of Hf (S2-x Tex)1-y and Hf (Se2-x Tex)1-y near the metal-insulator transition	Hodul, D.T.;  Stacy, A.M.	Journal of Solid State Chemistry (1984) 54, (3) p438-p446
603744	P -3 m 1	Hf (Se1.75 Te0.25)	CdI2	Anomalies in the properties of Hf (S2-x Tex)1-y and Hf (Se2-x Tex)1-y near the metal-insulator transition	Hodul, D.T.;  Stacy, A.M.	Journal of Solid State Chemistry (1984) 54, (3) p438-p446
603757	P -3 m 1	Hf S2	CdI2	Anomalies in the properties of Hf (S2-x Tex)1-y and Hf (Se2-x Tex)1-y near the metal-insulator transition	Hodul, D.T.;  Stacy, A.M.	Journal of Solid State Chemistry (1984) 54, (3) p438-p446
603788	P -3 m 1	Ti S2	CdI2	The preparation of titanium disulphide with different stoichiometries, Ti(1+x) S2, and comparison of lattice parameters	Patel, S.N.;  Balchin, A.A.	Journal of Materials Science. Letters (1984) 3,  p942-p944
603791	P -3 m 1	Ti Te2	CdI2	Structural studies of lithium intercalated titanium ditelluride	Patel, S.N.;  Balchin, A.A.	Journal of Materials Science. Letters (1985) 4,  p382-p384
604411	P -3 m 1	(Ti0.5 Zr0.5) S2	CdI2	The structure and electronic properties of the solid solutions (ZrxTi1 - x)1 + yS2	Hodul, D.T.;  Stacy, A.M.	Journal of Solid State Chemistry (1986) 62, (3) p328-p334
604416	P -3 m 1	Ti S2	CdI2	The structure and electronic properties of the solid solutions (Zrx Ti1-x)1+y S2	Hodul, D.T.;  Stacy, A.M.	Journal of Solid State Chemistry (1986) 62,  p328-p334
604434	P -3 m 1	Zr S2	CdI2	The structure and electronic properties of the solid solutions (ZrxTi1 - x)1 + yS2	Hodul, D.T.;  Stacy, A.M.	Journal of Solid State Chemistry (1986) 62, (3) p328-p334
618715	P -3 m 1	(Re0.66 W1.34) C0.67	CdI2	Superconductivity in the W-Tc and W2C-Tc systems	Giorgi, A.L.	Physica B and C (Netherland) (79,1975-) (1985) 135, (1-3) p420-p422
618719	P -3 m 1	(Re1.2 W0.8) C0.4	CdI2	X-ray diffraction study of the system tungsten-rhenium-carbon	Kuz&#39;ma, Yu.B.;  Lakh, V.I.;  Markiv, V.Ya.;  Stadnyk, B.I.;  Gladyshevskii, E.I.	Soviet powder metallurgy and metal ceramics (1963) 2, (4) p286-p292
618840	P -3 m 1	Ta2 C	CdI2	Phase components of the system tantalum-carbon	Dubrovskaya, L.B.;  Shveikin, G.P.;  Gel&#39;d, P.V.	Physics of Metals and Metallography (1964) 17, (1) p68-p71
618892	P -3 m 1	(Tc0.666 W1.334) C0.667	CdI2	Superconductivity in the W-Tc and W2C-Tc systems	Giorgi, A.L.	Physica B and C (Netherland) (79,1975-) (1985) 135, (1-3) p420-p422
619097	P -3 m 1	W2 C	CdI2	Superconductivity in the W-Tc and W2C-Tc systems	Giorgi, A.L.	Physica B and C (Netherland) (79,1975-) (1985) 135, (1-3) p420-p422
626718	P -3 m 1	Cr Se2	CdI2	Cr Se2, a new layered dichalcogenide	van Bruggen, C.F.;  Haange, R.J.;  Wiegers, G.A.;  de Boer, D.K.G.	Physica B and C (Netherland) (79,1975-) (1980) 99, (1-4) p166-p172
638847	P -3 m 1	Hf S2	CdI2	The sulphides, selenides, and tellurides of titanium, zirconium, hafnium, and thorium. I. Preparation and characterization	McTaggart, F.K.;  Wadsley, A.D.	Australian Journal of Chemistry (1958) 11, (4) p445-p457
638851	P -3 m 1	Hf S2	CdI2	Crystal data for layer compounds in the series HfSxSe2-x	Rimmington, H.P.B.;  Balchin, A.A.	Journal of Materials Science (1974) 9,  p343-p345
638857	P -3 m 1	Hf (S Se)	CdI2	Crystal data for layer compounds in the series HfSxSe2-x	Rimmington, H.P.B.;  Balchin, A.A.	Journal of Materials Science (1974) 9,  p343-p345
638899	P -3 m 1	Hf Se2	CdI2	The sulphides, selenides, and tellurides of titanium, zirconium, hafnium, and thorium. I. Preparation and characterization	McTaggart, F.K.;  Wadsley, A.D.	Australian Journal of Chemistry (1958) 11, (4) p445-p457
638902	P -3 m 1	Hf Se2	CdI2	Crystal data for layer compounds in the series HfSxSe2-x	Rimmington, H.P.B.;  Balchin, A.A.	Journal of Materials Science (1974) 9,  p343-p345
638905	P -3 m 1	Hf (Se Te)	CdI2	Hf(Sex Te1-x)2: deviation from Vegard&#39;&#39;s law in mixed systems	Hodul, D.T.;  Sienko, M.J.	Inorganic Chemistry (1981) 20, (11) p3655-p3659
638959	P -3 m 1	Hf Te2	CdI2	The non-metal rich region of the Hf-Te system	Brattas, L.;  Kjekshus, A.	Acta Chemica Scandinavica (1-27,1973-42,1988) (1971) 25,  p2783-p2784
638964	P -3 m 1	Hf Te2	CdI2	Electronic properties of Hf Te2	Klipstein, P.C.;  Guy, D.R.P.;  Marseglia, E.A.;  Meakin, J.I.;  Friend, R.H.;  Yoffe, A.D.	Journal of Physics C (1986) 19, (25) p4953-p4963
645529	P -3 m 1	Nb Te2	CdI2	Production of niobium telluride and a study of its properties	Allakhverdiev, K.R.;  Antonova, E.A.;  Kalyuzhnaya, G.A.	Inorganic Materials (1969) 5, (9) p1401-p1402
650864	P -3 m 1	Sn (S Se)	CdI2	Crystallography and temperature dependance of the resistivity of Sn S2-x Sex solid solutions	Harbec, J.Y.;  Paquet, Y.;  Jandl, S.	Canadian Journal of Physics (1978) 56,  p1136-p1139
650866	P -3 m 1	Sn (S Se)	CdI2	Long-wavelength optical phonons in semiconducting mixed layer crystals of the series Sn Sx Se2-x (0 &lt;= x &lt;= 2)	Garg, A.K.	Journal of Physics C (1986) 19, (21) p3949-p3960
650868	P -3 m 1	Ta (S Se)	CdI2	Thermal and structural measurements of the mixed crystal 1T  Ta S2-x Sex	Suzuki, A.;  Yamashita, T.;  Matsui, K.;  Doyama, M.	Journal of the Physical Society of Japan (1988) 57, (5) p1707-p1716
650870	P -3 m 1	Ti (S Se)	CdI2	The growth by iodine vapour transport techniques and the crystal structures of layer compounds in the series Ti Sx Se2-x, Ti Sx Te2-x, Ti Sex Te2-x	Rimmington, H.P.B.;  Balchin, A.A.	Journal of Crystal Growth (1974) 21, (2) p171-p181
650871	P -3 m 1	Ti (S1.34 Se0.66)	CdI2	Ti(S1-x Sex)2 as lithium battery cathode	Kikkawa, S.;  Ohkura, H.;  Koizumi, M.	Materials Research Bulletin (1987) 22, (10) p1337-p1340
650882	P -3 m 1	Zr (S Se)	CdI2	Mass transport and crystal growth of the mixed Zr S2 - Zr Se2 system	Wiedemeier, H.;  Goldman, H.	Journal of the Less-Common Metals (1986) 116, (2) p389-p399
650992	P -3 m 1	Sn S2	CdI2	No. 22. Sur l&#39;insertion de metaux alcalins dans la structure CdI2 du disulfure d&#39;etain	le Blanc, A.;  Danot, M.;  Rouxel, J.	Bulletin de la Societe Chimique de France (Vol=Year) (1969) 1969, (1) p87-p90
650993	P -3 m 1	Sn S2	CdI2	Sur les types structuraux des composes intercalaires M Sn S2 (M = Li, Na, K, Rb)	le Blanc, A.;  Rouxel, J.	Comptes Rendus Hebdomadaires des Seances de l&#39;Academie des Sciences, Serie C, Sciences Chimiques (1966-) (1972) 274,  p786-p788
650996	P -3 m 1	Sn S2	CdI2	Electrical properties of the Group IV disulfides, titanium disulfide, zirconium disulfide, hafnium disulfide and tin disulfide	Conroy, L.E.;  Chang Park, K.	Inorganic Chemistry (1968) 7, (3) p459-p463
650999	P -3 m 1	Sn S2	CdI2	The effect of powdering on the polytypic crystal structures of tin disulphide	Whitehouse, C.R.;  Balchin, A.A.	Journal of Materials Science (1979) 14,  p2516-p2519
651010	P -3 m 1	Sn S2	CdI2	Long-wavelength optical phonons in semiconducting mixed layer crystals of the series Sn Sx Se2-x (0 &lt;= x &lt;= 2)	Garg, A.K.	Journal of Physics C (1986) 19, (21) p3949-p3960
651013	P -3 m 1	Sn S2	CdI2	Tin(IV) chalcogenides	Kobayashi, T.;  Shimizu, Y.	Meiji Daigaku Kogokubu Kenkyu Hokoku (1985) 48, (3) p9-p13
651022	P -3 m 1	Sn S2	CdI2	Praeparative und pulverroentgenographische Untersuchungen am System Sn-Sb-S	Eppelsheimer, D.	Zeitschrift fuer Kristallographie (1979-2010) (1981) 156,  p36-p37
651089	P -3 m 1	Ta S2	CdI2	X-ray investigation of alloys W S2 - Nb S2 AND W S2 - Ta S2	Golubnichaya, A.A.;  Kalikhman, V.L.	Inorganic Materials (1974) 10, (7) p1018-p1020
651098	P -3 m 1	Ta S2	CdI2	The preparation and properties of single crystals of the 1S and 2S polymorphs of tantalum disulfide	Conroy, L.E.;  Raghavan Pisharody, K.	Journal of Solid State Chemistry (1972) 4, (3) p345-p350
651116	P -3 m 1	(Ta0.98 W0.02) S2	CdI2	X-ray investigation of alloys W S2 - Nb S2 and W S2 - Ta S2	Golubnichaya, A.A.;  Kalikhman, V.L.	Inorganic Materials (1974) 10, (7) p1018-p1020
651145	P -3 m 1	Ti (S Te)	CdI2	The growth by iodine vapour transport techniques and the crystal structures of layer compounds in the series Ti Sx Se2-x, Ti Sx Te2-x, Ti Sex Te2-x	Rimmington, H.P.B.;  Balchin, A.A.	Journal of Crystal Growth (1974) 21, (2) p171-p181
651178	P -3 m 1	Ti S2	CdI2	The sulphides, selenides, and tellurides of titanium, zirconium, hafnium, and thorium. I. Preparation and characterization	McTaggart, F.K.;  Wadsley, A.D.	Australian Journal of Chemistry (1958) 11, (4) p445-p457
651186	P -3 m 1	Ti S2	CdI2	X-ray studies of sulfides of titanium, zirconium, niobium, and tantalum	Haegg, G.;  Schoenberg, N.	Arkiv foer Kemi (1954) 7, (7) p371-p380
651201	P -3 m 1	Ti S2	CdI2	The growth by iodine vapour transport techniques and the crystal structures of layer compounds in the series Ti Sx Se2-x, Ti Sx Te2-x, Ti Sex Te2-x	Rimmington, H.P.B.;  Balchin, A.A.	Journal of Crystal Growth (1974) 21, (2) p171-p181
651203	P -3 m 1	Ti S2	CdI2	Preparation and optical properties of group IVVI2 chalcogenides having the CdI2 structure	Greenaway, D.L.;  Nitsche, R.	Journal of Physics and Chemistry of Solids (1965) 26, (9) p1445-p1458
651207	P -3 m 1	Ti S2	CdI2	Crystallographic and magnetic properties of the Cd (O H)2 layer structure compound Ti S2 containing extra iron	Takahashi, T.;  Yamada, O.	Journal of Solid State Chemistry (1973) 7,  p25-p30
651212	P -3 m 1	Ti S2	CdI2	Compositional and structural investigations of highly stoichiometric titanium disulfide	McKelvy, M.J.;  Glaunsinger, W.S.	Materials Research Bulletin (1986) 21, (7) p835-p842
651214	P -3 m 1	Ti S2	CdI2	Effect of pressure on lattice parameters of intercalation compounds Mx Ti S2 (M= Fe and Ni)	Negishi, H.;  Ohara, S.;  Inoue, M.	Physica Status Solidi B - Basic Solid State Physics (1989) 151, (2) p441-p444
651217	P -3 m 1	Ti S2	CdI2	Ueber Titanselenide und -telluride	Ehrlich, P.	Zeitschrift fuer Anorganische und Allgemeine Chemie (1950) (DE) (1949) 260,  p1-p1
651361	P -3 m 1	V S2	CdI2	Preparation and properties of LixVS2 (0 .ltoreq. x .ltoreq. 1)	Murphy, D.W.;  Cros, C.;  DiSalvo, F.J.;  Waszczak, J.V.	Inorganic Chemistry (1977) 16, (12) p3027-p3031
651465	P -3 m 1	Zr S2	CdI2	The sulphides, selenides, and tellurides of titanium, zirconium, hafnium, and thorium. I. Preparation and characterization	McTaggart, F.K.;  Wadsley, A.D.	Australian Journal of Chemistry (1958) 11, (4) p445-p457
651478	P -3 m 1	Zr S2	CdI2	Preparation and optical properties of group IVVI2 chalcogenides having the CdI2 structure	Greenaway, D.L.;  Nitsche, R.	Journal of Physics and Chemistry of Solids (1965) 26, (9) p1445-p1458
651482	P -3 m 1	Zr S2	CdI2	Zirconium uranium mixed sulphides	Slovyanskikh, V.K.;  Kuznetsov, N.T.;  Gracheva, N.V.	Russian Journal of Inorganic Chemistry (1983) 28, (9) p1339-p1340
651910	P -3 m 1	Sn Se2	CdI2	The phase diagram of the tin-selenium system	Karakhanova, M.I.;  Pashinkin, A.S.;  Novoselova, A.V.	Inorganic Materials (1966) 2, (7) p1012-p1014
651921	P -3 m 1	Sn Se2	CdI2	Tin(IV) chalcogenides	Kobayashi, T.;  Shimizu, Y.	Meiji Daigaku Kogokubu Kenkyu Hokoku (1985) 48, (3) p9-p13
651958	P -3 m 1	Ta Se2	CdI2	Structural and electrical properties of layered transition metal selenides Vx Ti1-x Se2 and Tax Ti1-x Se2	Levy, F.;  Froidevaux, Y.	Journal of Physics C (1979) 12, (14) p473-p487
651966	P -3 m 1	(Ta0.5 Ti0.5) Se2	CdI2	Structural and electrical properties of layered transition metal selenides Vx Ti1-x Se2 and Tax Ti1-x Se2	Levy, F.;  Froidevaux, Y.	Journal of Physics C (1979) 12, (14) p473-p487
652000	P -3 m 1	Ti (Se Te)	CdI2	The growth by iodine vapour transport techniques and the crystal structures of layer compounds in the series Ti Sx Se2-x, Ti Sx Te2-x, Ti Sex Te2-x	Rimmington, H.P.B.;  Balchin, A.A.	Journal of Crystal Growth (1974) 21, (2) p171-p181
652037	P -3 m 1	Ti Se2	CdI2	The sulphides, selenides, and tellurides of titanium, zirconium, hafnium, and thorium. I. Preparation and characterization	McTaggart, F.K.;  Wadsley, A.D.	Australian Journal of Chemistry (1958) 11, (4) p445-p457
652040	P -3 m 1	Ti Se2	CdI2	Structure and synthesis of titanium selenides and tellurides	Ehrlich, P.	Angewandte Chemie (German Edition) (1948) 60,  p68-p68
652045	P -3 m 1	Ti Se2	CdI2	The growth by iodine vapour transport techniques and the crystal structures of layer compounds in the series Ti Sx Se2-x, Ti Sx Te2-x, Ti Sex Te2-x	Rimmington, H.P.B.;  Balchin, A.A.	Journal of Crystal Growth (1974) 21, (2) p171-p181
652047	P -3 m 1	Ti Se2	CdI2	Structural and electrical properties of layered transition metal selenides Vx Ti1-x Se2 and Tax Ti1-x Se2	Levy, F.;  Froidevaux, Y.	Journal of Physics C (1979) 12, (14) p473-p487
652052	P -3 m 1	Ti Se2	CdI2	Ti(S1-x Sex)2 as lithium battery cathode	Kikkawa, S.;  Ohkura, H.;  Koizumi, M.	Materials Research Bulletin (1987) 22, (10) p1337-p1340
652063	P -3 m 1	(Ti0.5 V0.5) Se2	CdI2	Structural and electrical properties of layered transition metal selenides Vx Ti1-x Se2 and Tax Ti1-x Se2	Levy, F.;  Froidevaux, Y.	Journal of Physics C (1979) 12, (14) p473-p487
652158	P -3 m 1	V Se2	CdI2	Structural and electrical properties of layered transition metal selenides Vx Ti1-x Se2 and Tax Ti1-x Se2	Levy, F.;  Froidevaux, Y.	Journal of Physics C (1979) 12, (14) p473-p487
652160	P -3 m 1	V Se2	CdI2	Stability and the equilibrium selenium vapor pressure of the V Se2 phase	Hayashi, K.;  Nakahira, M.	Journal of Solid State Chemistry (1978) 24, (2) p153-p161
652163	P -3 m 1	V Se2	CdI2	Vanadinselenide	Hoschek, E.	Zeitschrift fuer Anorganische und Allgemeine Chemie (1950) (DE) (1939) 242,  p49-p49
652236	P -3 m 1	Zr Se2	CdI2	The iron zirconium selenide (Fex Zr Se2) (0&lt; x&lt; 0.25), cobalt zirconium selenide (Cox Zr Se2) (0&lt; x&lt; 0.33) and nickel zirconium selenide (Nix Zr Se2) (0&lt; x&lt; 0.50) phases	Ahouandjinou, A.;  Trichet, L.;  Rouxel, J.	Comptes Rendus Hebdomadaires des Seances de l&#39;Academie des Sciences, Serie C, Sciences Chimiques (1966-) (1976) 283, (16) p727-p730
652240	P -3 m 1	Zr Se2	CdI2	Nonstoichiometry in the Zr Se2 phase	Gleizes, A.;  Jeannin, Y.	Journal of Solid State Chemistry (1970) 1, (2) p180-p184
652244	P -3 m 1	Zr Se2	CdI2	Crystal structure and physical properties	van Arkel, A.O.	Physica (The Hague) (1,1934-17,1951) (1924) 4,  p286-p301
652247	P -3 m 1	Zr Se2	CdI2	Lithium intercalation in Lix Zr Se2	Dahn, J.R.;  McKinnon, W.R.;  Levy-Clement, C.	Solid State Communications (1985) 54, (3) p245-p248
652251	P -3 m 1	Zr Se2	CdI2	Ueber das System Zirkon/Tellur	Hahn, H.;  Ness, P.	Zeitschrift fuer Anorganische und Allgemeine Chemie (1950) (DE) (1959) 302, (1-2) p37-p49
652385	P -3 m 1	Si Te2	CdI2	Siliciumchalcogenide. IV. Zur Kenntnis von Siliciumditelluride	Weiss, A.;  Weiss, Ar.	Zeitschrift fuer Anorganische und Allgemeine Chemie (1950) (DE) (1953) 273,  p124-p128
652919	P -3 m 1	(Ta0.5 Ti0.5) Te2	CdI2	Effect of cation substitution on the tantalum ditelluride distortion	Lee, L.;  Nagasundaram, N.	Chemistry of Materials (1989) 1, (6) p597-p601
652921	P -3 m 1	(Ta0.5 Zr0.5) Te2	CdI2	Effect of cation substitution on the tantalum ditelluride distortion	Lee, L.;  Nagasundaram, N.	Chemistry of Materials (1989) 1, (6) p597-p601
653071	P -3 m 1	Ti Te2	CdI2	The sulphides, selenides, and tellurides of titanium, zirconium, hafnium, and thorium. I. Preparation and characterization	McTaggart, F.K.;  Wadsley, A.D.	Australian Journal of Chemistry (1958) 11, (4) p445-p457
653074	P -3 m 1	Ti Te2	CdI2	Preparation and optical properties of group IV-VI2 chalcogenides having the CdI2 structure	Greenaway, D.L.;  Nitsche, R.	Journal of Physics and Chemistry of Solids (1965) 26, (9) p1445-p1458
653078	P -3 m 1	Ti Te2	CdI2	Structure refinement on stoichiometric Ti Te2 by neutron diffraction	Riekel, C.;  Thomas, M.;  Schoellhorn, R.	Physica Status Solidi A - Applications and Materials (1978) 50,  pK231-pK231
653079	P -3 m 1	Ti Te2	CdI2	Ueber Titanselenide und -telluride	Ehrlich, P.	Zeitschrift fuer Anorganische und Allgemeine Chemie (1950) (DE) (1949) 260,  p1-p1
653213	P -3 m 1	Zr Te2	CdI2	The sulphides, selenides, and tellurides of titanium, zirconium, hafnium, and thorium. I. Preparation and characterization	McTaggart, F.K.;  Wadsley, A.D.	Australian Journal of Chemistry (1958) 11, (4) p445-p457
655780	P -3 m 1	Cd I2	CdI2	Structure refinements, thermal motion and Madelung constants of cadmium iodide- and cadmium hydroxide-type layer structures	de Haan, Y.M.	National Bureau of Standards (U.S.), Special Publication (1969) 1969, (301) p233-p236
656779	P -3 m 1	Sn S2	CdI2	Phase relations in systems of tin chalcogenides	Liu Huifang;  Chang, L.Y.	Journal of Alloys and Compounds (1992) 185, (1) p183-p190
656780	P -3 m 1	Sn Se2	CdI2	Phase relations in systems of tin chalcogenides	Liu Huifang;  Chang, L.Y.	Journal of Alloys and Compounds (1992) 185, (1) p183-p190
656781	P -3 m 1	Sn (S Se)	CdI2	Phase relations in systems of tin chalcogenides	Liu Huifang;  Chang, L.Y.	Journal of Alloys and Compounds (1992) 185, (1) p183-p190
657477	P -3 m 1	Ti Te2	CdI2	Constitutional study of the Ti, Zr and Hf tellurides	Matkovic, T.;  Matkovic, P.	Metalurgija, Croatia (1992) 31, (4) p107-p110
657478	P -3 m 1	Zr Te2	CdI2	Constitutional study of the Ti, Zr and Hf tellurides	Matkovic, T.;  Matkovic, P.	Metalurgija, Croatia (1992) 31, (4) p107-p110
659217	P -3 m 1	Sn S2	CdI2	Microtopographical Characterization of Vapour-grown SnS2 Single Crystals	Arora, S.K.;  Patel, D.H.;  Agarwal, M.K.	Crystal Research and Technology (1993) 28, (5) p623-p627
172471	P 63 m c	N Na Sn	CdI2(hP6)	The first ternary tin(II) nitride: Na Sn N	Watney, N.S.P.;  Gal, Z.A.;  Webster, M.D.S.;  Clarke, S.J.	ChemComm - Chemical Communications (2005) 2005,  p4190-p4192
418401	R -3 m H	La3 Zn1.88 P4	CdI2(hR9)	Crystal and electronic structure of La3 Zn(2-x) P4 - new phosphide with isolated P(3-) species	Lincke, H.;  Nilges, T.;  Johrendt, D.;  Poettgen, R.	Solid State Sciences (2008) 10, (8) p1006-p1011
418402	R -3 m H	La3 Zn1.75 P4	CdI2(hR9)	Crystal and electronic structure of La3 Zn(2-x) P4 - new phosphide with isolated P(3-) species	Lincke, H.;  Nilges, T.;  Johrendt, D.;  Poettgen, R.	Solid State Sciences (2008) 10, (8) p1006-p1011
173923	P -3 m 1	Ti Se2	CdI2	Thermoreflectance studies of transition-metal dichalcogenides between 1 and 9 eV	Borghesi, A.;  Chen Chenjia;  Guizzetti, G.;  Nosenzo, L.;  Reguzzoni, E.;  Stella, A.;  Levy, F.	Physical Review, Serie 3. B - Condensed Matter (18,1978-) (1986) 33, (4) p2422-p2428
173924	P -3 m 1	Ti0.9 Hf0.1 Se2	CdI2	Thermoreflectance studies of transition-metal dichalcogenides between 1 and 9 eV	Borghesi, A.;  Chen Chenjia;  Guizzetti, G.;  Nosenzo, L.;  Reguzzoni, E.;  Stella, A.;  Levy, F.	Physical Review, Serie 3. B - Condensed Matter (18,1978-) (1986) 33, (4) p2422-p2428
173925	P -3 m 1	Ti0.8 Hf0.2 Se2	CdI2	Thermoreflectance studies of transition-metal dichalcogenides between 1 and 9 eV	Borghesi, A.;  Chen Chenjia;  Guizzetti, G.;  Nosenzo, L.;  Reguzzoni, E.;  Stella, A.;  Levy, F.	Physical Review, Serie 3. B - Condensed Matter (18,1978-) (1986) 33, (4) p2422-p2428
173926	P -3 m 1	Ti0.7 Hf0.3 Se2	CdI2	Thermoreflectance studies of transition-metal dichalcogenides between 1 and 9 eV	Borghesi, A.;  Chen Chenjia;  Guizzetti, G.;  Nosenzo, L.;  Reguzzoni, E.;  Stella, A.;  Levy, F.	Physical Review, Serie 3. B - Condensed Matter (18,1978-) (1986) 33, (4) p2422-p2428
173927	P -3 m 1	Ti0.5 Hf0.5 Se2	CdI2	Thermoreflectance studies of transition-metal dichalcogenides between 1 and 9 eV	Borghesi, A.;  Chen Chenjia;  Guizzetti, G.;  Nosenzo, L.;  Reguzzoni, E.;  Stella, A.;  Levy, F.	Physical Review, Serie 3. B - Condensed Matter (18,1978-) (1986) 33, (4) p2422-p2428
174489	P -3 m 1	Ti S2	CdI2	The high-pressure phase transition of Ti S2 from first-principles calculations	Yu Fei;  Sun Jiu Xun;  Zhou Yonghong	Solid State Sciences (2010) 12, (10) p1786-p1790
108739	P -3 m 1	Ti Se2	CdI2	Structure refinement of Ti Se2 by neutron diffraction	Riekel, C.	Journal of Solid State Chemistry (1976) 17,  p389-p392
108906	R -3 m H	Pb I2	CdI2(hR9)	Atomic structures of three new rhombohedral poytypes of lead iodide: corrigendun	Chand, M.;  Trigunayat, G.C.	Acta Crystallographica B (24,1968-38,1982) (1976) 32,  p1619-p1619
108913	R -3 m H	Pb I2	CdI2(hR9)	Atomic structures of three new rhombohedral poytypes of lead iodide: corrigendun	Chand, M.;  Trigunayat, G.C.	Acta Crystallographica B (24,1968-38,1982) (1976) 32,  p1619-p1619
108917	P 3 m 1	Cd I2	CdI2(hP18)	Crystal structures of seven new cadmium iodide polytypes	Jain, P.C.;  Trigunayat, G.C.	Zeitschrift fuer Kristallographie (1979-2010) (1975) 142,  p121-p126
108918	P 3 m 1	Cd I2	CdI2(hP18)	Crystal structures of seven new cadmium iodide polytypes	Jain, P.C.;  Trigunayat, G.C.	Zeitschrift fuer Kristallographie (1979-2010) (1975) 142,  p121-p126
108919	P 3 m 1	Cd I2	CdI2(hP24)	Crystal structures of seven new cadmium iodide polytypes	Jain, P.C.;  Trigunayat, G.C.	Zeitschrift fuer Kristallographie (1979-2010) (1975) 142,  p121-p126
108920	P 3 m 1	Cd I2	CdI2(hP42)	Crystal structures of seven new cadmium iodide polytypes	Jain, P.C.;  Trigunayat, G.C.	Zeitschrift fuer Kristallographie (1979-2010) (1975) 142,  p121-p126
108921	P 3 m 1	Cd I2	CdI2(hP24)	Crystal structures of three cadmium iodide polytypes based on a ten-layered hexagonal cell	Gyaneshwar;  Chadha, G.K.;  Trigunayat, G.C.	Zeitschrift fuer Kristallographie (1979-2010) (1975) 141,  p451-p457
108922	P 3 m 1	Cd I2	CdI2(hP39)	Crystal structures of three cadmium iodide polytypes based on a ten-layered hexagonal cell	Gyaneshwar;  Chadha, G.K.;  Trigunayat, G.C.	Zeitschrift fuer Kristallographie (1979-2010) (1975) 141,  p451-p457
108925	P 3 m 1	Cd I2	CdI2(hP21)	Crystal structures of three new Cd I2 polytypes	Jain, P.C.;  Trigunayat, G.C.	Zeitschrift fuer Kristallographie (1979-2010) (1975) 141,  p458-p464
108926	P 3 m 1	Cd I2	CdI2(hP27)	Crystal structures of three new Cd I2 polytypes	Jain, P.C.;  Trigunayat, G.C.	Zeitschrift fuer Kristallographie (1979-2010) (1975) 141,  p458-p464
108927	P 3 m 1	Pb I2	CdI2(hP18)	Crystal structure of a twelve-layered polytype of lead iodide	Chand, M.;  Trigunayat, G.C.	Zeitschrift fuer Kristallographie, Kristallgeometrie, Kristallphysik, Kristallchemie (-144,1977) (1973) 141,  p59-p66
108928	P 3 m 1	Cd I2	CdI2(hP30)	Determination of the structures of six new Cd I2 polytypes	Gyaneshwar;  Chadha, G.K.;  Trigunayat, G.C.	Zeitschrift fuer Kristallographie (1979-2010) (1975) 141,  p67-p78
108929	P 3 m 1	Cd I2	CdI2(hP30)	Determination of the structures of six new Cd I2 polytypes	Gyaneshwar;  Chadha, G.K.;  Trigunayat, G.C.	Zeitschrift fuer Kristallographie (1979-2010) (1975) 141,  p67-p78
108930	P 3 m 1	Cd I2	CdI2(hP30)	Determination of the structures of six new Cd I2 polytypes	Gyaneshwar;  Chadha, G.K.;  Trigunayat, G.C.	Zeitschrift fuer Kristallographie (1979-2010) (1975) 141,  p67-p78
108931	P 3 m 1	Cd I2	CdI2(hP45)	Determination of the structures of six new Cd I2 polytypes	Gyaneshwar;  Chadha, G.K.;  Trigunayat, G.C.	Zeitschrift fuer Kristallographie (1979-2010) (1975) 141,  p67-p78
108932	P 3 m 1	Cd I2	CdI2(hP45)	Determination of the structures of six new Cd I2 polytypes	Gyaneshwar;  Chadha, G.K.;  Trigunayat, G.C.	Zeitschrift fuer Kristallographie (1979-2010) (1975) 141,  p67-p78
108933	P 3 m 1	Cd I2	CdI2(hP45)	Determination of the structures of six new Cd I2 polytypes	Gyaneshwar;  Chadha, G.K.;  Trigunayat, G.C.	Zeitschrift fuer Kristallographie (1979-2010) (1975) 141,  p67-p78
109291	P -3 m 1	Zr Se2	CdI2	Ueber das System Zirkon-Selen	Hahn, H.;  Ness, P.	Zeitschrift fuer Anorganische und Allgemeine Chemie (1950) (DE) (1959) 302,  p37-p49
154231	P -3 m 1	V Se1.97	CdI2	Vanadinselenide	Hoschek, E.;  Klemm, W.	Zeitschrift fuer Anorganische und Allgemeine Chemie (1950) (DE) (1939) 242,  p49-p62
163747	P -3 m 1	Nb2 C	CdI2	Hydrogen in nonstoichiometric cubic niobium carbides: neutron vibrational spectroscopy and neutron diffraction studies	Skripov, A.V.;  Wu, H.;  Udovic, T.J.;  Huang, Q.;  Hempelmann, R.;  Soloninin, A.V.;  Rempel, A.A.;  Gusev, A.I.	Journal of Alloys and Compounds (2009) 478,  p68-p74
165972	P -3 m 1	Mg Br2	CdI2	Crystallographic structure refinement with quadrupolar nuclei: a combined solid-state NMR and GIPAW DFT example using Mg Br2	Widdifield, C.M.;  Bryce, D.L.	Physical Chemistry Chemical Physics (2009) 11,  p7120-p7122
165973	P -3 m 1	Mg Br2	CdI2	Crystallographic structure refinement with quadrupolar nuclei: a combined solid-state NMR and GIPAW DFT example using Mg Br2	Widdifield, C.M.;  Bryce, D.L.	Physical Chemistry Chemical Physics (2009) 11,  p7120-p7122
167897	P -3 m 1	W2 C	CdI2	Theoretical study on the stability, elasticity, hardness and electronic structures of W-C binary compounds	Li Ye Fei;  Gao Yi Min;  Xiao Bing;  Min Ting;  Fan Zi Jian;  Ma Sheng Qiang;  Xu Lei Lei	Journal of Alloys and Compounds (2010) 502,  p28-p37
181500	P -3 m 1	Ti S2	CdI2	First-principles study on thermodynamic properties and phase transitions in Ti S2	Yu, Yong Gang G.;  Ross, N.L.	Journal of Physics: Condensed Matter (2011) 23,  p055401-1-p055401-11
182675	P -3 m 1	Zr S2	CdI2	Structural and electronic properties of Zr X2 and Hf X2 (X = S and Se) from first principles calculations	Jiang, Hong	Journal of Chemical Physics (2011) 134,  p204705-1-p204705-8
182676	P -3 m 1	Zr Se2	CdI2	Structural and electronic properties of Zr X2 and Hf X2 (X = S and Se) from first principles calculations	Jiang, Hong	Journal of Chemical Physics (2011) 134,  p204705-1-p204705-8
182677	P -3 m 1	Hf S2	CdI2	Structural and electronic properties of Zr X2 and Hf X2 (X = S and Se) from first principles calculations	Jiang, Hong	Journal of Chemical Physics (2011) 134,  p204705-1-p204705-8
182678	P -3 m 1	Hf Se2	CdI2	Structural and electronic properties of Zr X2 and Hf X2 (X = S and Se) from first principles calculations	Jiang, Hong	Journal of Chemical Physics (2011) 134,  p204705-1-p204705-8
185289	P -3 m 1	Ta N0.5	CdI2	Structure refinement for tantalum nitrides nanocrystals with various morphologies	Liu Lianyun;  Huang Kai;  Hou Jungang;  Zhu Hongmin	Materials Research Bulletin (2012) 47, (7) p1630-p1635
185655	P 63 m c	Ca Ge2	CdI2(hP6)	Temperature and pressure effects on phase stabilities in the Ca-Ge system from first-principles calculations and Debye-Gruneisen model	Bouderba, H.;  Djaballah, Y.;  Belgacem Bouzida, A.;  Beddiaf, R.	Intermetallics (2012) 28,  p108-p119
188977	P 1 21/c 1	Zn (C (N H2)2 S)2 I2	CdI2(Sc(NH2)2)2	Synthesis and structure of zinc iodide complex with thiocarbamide, (Zn (C H4 N2 S)2 I2)	D.V. Albov;  E.A. Buravlev;  E.V. Savinkina;  I.A. Zamilatskov	Crystallography Reports (2013) 58, (1) p65-p67
245611	P 63 m c	Ca Ge2	CdI2(hP6)	Synthesis, structure and electronic structure of a new polymorph of Ca Ge2	Tobash, P.H.;  Bobev, S.	Journal of Solid State Chemistry (2007) 180, (5) p1575-p1581
418963	R -3 m H	Ce3 Zn1.82 P4	CdI2(hR9)	Ternary phosphides Ce3 Zn2-x P4 and Ce4 Zn2-x P5 - Stacking variants of Ce P6 octahedra and Zn P4 tetrahedra	Lincke, H.;  Hermes, W.;  Nilges, T.;  Poettgen, R.	Solid State Sciences (2008) 10, (11) p1480-p1484
246905	P -3 m 1	V Cl2	CdI2	Study of frustration effects in two-dimensional triangular lattice antiferromagnets - Neutron powder diffraction study of V X2, X = Cl, Br and I	Hirakawa, K.;  Kadowaki, H.;  Ubukoshi, K.	Journal of the Physical Society of Japan (1983) 52, (5) p1814-p1824
246906	P -3 m 1	V Br2	CdI2	Study of frustration effects in two-dimensional triangular lattice antiferromagnets - Neutron powder diffraction study of V X2, X = Cl, Br and I	Hirakawa, K.;  Kadowaki, H.;  Ubukoshi, K.	Journal of the Physical Society of Japan (1983) 52, (5) p1814-p1824
246907	P -3 m 1	V I2	CdI2	Study of frustration effects in two-dimensional triangular lattice antiferromagnets - Neutron powder diffraction study of V X2, X = Cl, Br and I	Hirakawa, K.;  Kadowaki, H.;  Ubukoshi, K.	Journal of the Physical Society of Japan (1983) 52, (5) p1814-p1824
42252	P 3 m 1	Cd I2	CdI2(hP9,P3m1)	A new method of symbolic description of polytypic structures of MX2-type compounds - xyz notation, description of stacking faults - t-o-f notation	Palosz, B.	Zeitschrift fuer Kristallographie (1979-2010) (1980) 153,  p51-p72
250594	P -3 m 1	Nb S2	CdI2	Formation of a new (1 T) trigonal Nb S2 polytype via atmospheric pressure chemical vapour deposition	Carmalt, C.J.;  Manning, T.D.;  Parkin, I.P.;  Peters, E.S.;  Hector, A.L.	Journal of Materials Chemistry (2004) 14,  p290-p291
237032	P -3 m 1	Nb S2	CdI2	Novel high pressure structures and superconductivity of niobium disulfide	Liu, Zhong-Li;  Cai, Ling-Cang;  Zhang, Xiu-Lu	Journal of Alloys and Compounds (2014) 610,  p472-p477
5005	P -3 m 1	V2 C	CdI2	The investigation of the transition metals of the fourth period with carbon	Telegus, V.S.;  Kuz&#39;ma, Yu.B.	Visnik L&#39;Vivs&#39;kogo Derzhavnogo Universiteta, Seriya Khimichna (1971) 12,  p28-p33
