1076	A b m a	La2 (Cu O4)	La2CuO4	Zur Kristallstruktur von Seltenerdmetalloxocupraten: La2 Cu O4, Gd2 Cu O4	Grande, B.;  Mueller Buschbaum, H.;  Schweizer, M.	Zeitschrift fuer Anorganische und Allgemeine Chemie (1950) (DE) (1977) 428,  p120-p124
14113	A b m a	Nd2 Ni O4	La2CuO4	Der Aufbau von Nd2 Ni O4 und seine Verwandtschaft zu La2 Ni O4 und La2 Cu O4	Lehmann, U.;  Mueller Buschbaum, H.	Zeitschrift fuer Naturforschung, Teil B. Anorganische Chemie, Organische Chemie (33,1978-41,1986) (1980) 35,  p389-p390
16404	A b m a	La2 Co O4	La2CuO4	Ein Beitrag zur Chemie der Oxocobaltate(II): La2 Co O4, Sm2 Co O4	Lehmann, U.;  Mueller Buschbaum, H.	Zeitschrift fuer Anorganische und Allgemeine Chemie (1950) (DE) (1980) 470,  p59-p63
61369	C m m m	La2 Au.5 Li.5 O4	La2CuO4(Cmmm)	Preparation and crystallographic characteristics of the new phase La2 Au.5 Li.5 O4	Abbattista, F.;  Vallino, M.;  Mazza, D.	Journal of the Less-Common Metals (1985) 110,  p391-p396
63338	C m c a	La1.85 Sr0.15 Cu O4	La2CuO4	Structural phase transition at 150K in the high-temperature superconductor La1.85 Sr.15 Cu O4	Francois, M.;  Yvon, K.;  Fischer, P.;  Decroux, M.	Solid State Communications (1987) 63,  p35-p40
63318	B m a b	(La1.85 Sr0.15) Cu O4	La2CuO4	Crystal structure of the high-temperature superconductor La1.85 Sr0.15 Cu O4 above and below Tc	Cava, R.J.;  Santoro, A.;  Johnson, D.W.jr.;  Rhodes, W.W.	Physical Review, Serie 3. B - Condensed Matter (18,1978-) (1987) 35,  p6716-p6720
63319	B m a b	(La1.85 Sr0.15) Cu O4	La2CuO4	Crystal structure of the high-temperature superconductor La1.85 Sr0.15 Cu O4 above and below Tc	Cava, R.J.;  Santoro, A.;  Johnson, D.W.jr.;  Rhodes, W.W.	Physical Review, Serie 3. B - Condensed Matter (18,1978-) (1987) 35,  p6716-p6720
63398	B m a b	La2 (Ni O4)	La2CuO4	Structural and magnetization density studies of La2 Ni O4	Lander, G.H.;  Brown, P.J.;  Spalek, J.;  Honig, J.M.	Physical Review, Serie 3. B - Condensed Matter (18,1978-) (1989) 40,  p4463-p4471
63406	B m a b	Pr2 Ni O4	La2CuO4	Magnetic and x-ray diffraction characterization of stoichiometric Pr2 Ni O4 and Nd2 Ni O4 oxides	Puche, R.S.;  Fernandez, F.;  Rodriguez Carvajal, J.;  Martinez, J.L.	Solid State Communications (1989) 72,  p273-p277
63407	B m a b	Nd2 (Ni O4)	La2CuO4	Magnetic and x-ray diffraction characterization of stoichiometric Pr2 Ni O4 and Nd2 Ni O4 oxides	Puche, R.S.;  Fernandez, F.;  Rodriguez Carvajal, J.;  Martinez, J.L.	Solid State Communications (1989) 72,  p273-p277
50244	B m a b	La2 (Ni O4)	La2CuO4	Oxygen vacancy ordering in La(2-x) Sr(x) Ni O(4-delta) (0 &lt;= x &lt;=0.5): the crystal structure and defects investigated by neutron diffraction	Medarde, M.;  Rodriguez Carvajal, J.	Zeitschrift fuer Physik, B (1984-) (1997) 102,  p307-p315
50245	B m a b	(La1.97 Sr0.03) (Ni O4)	La2CuO4	Oxygen vacancy ordering in La(2-x) Sr(x) Ni O(4-delta) (0 &lt;= x &lt;=0.5): the crystal structure and defects investigated by neutron diffraction	Medarde, M.;  Rodriguez Carvajal, J.	Zeitschrift fuer Physik, B (1984-) (1997) 102,  p307-p315
50246	B m a b	(La1.94 Sr0.06) (Ni O3.94)	La2CuO4	Oxygen vacancy ordering in La(2-x) Sr(x) Ni O(4-delta) (0 &lt;= x &lt;=0.5): the crystal structure and defects investigated by neutron diffraction	Medarde, M.;  Rodriguez Carvajal, J.	Zeitschrift fuer Physik, B (1984-) (1997) 102,  p307-p315
50265	B m a b	La2 (Cu O4)	La2CuO4	Room temperature chemically oxidized La2 Cu O(4+y): phase separation induced by thermal treatment	Rial, C.;  Moran, E.;  Alario-Franco, M.A.;  Amador, U.;  Andersen, N.H.	Physica C, Superconductivity (1997) 278,  p122-p134
50266	B m a b	La2 Cu O4.108	La2CuO4	Room temperature chemically oxidized La2 Cu O(4+y): phase separation induced by thermal treatment	Rial, C.;  Moran, E.;  Alario-Franco, M.A.;  Amador, U.;  Andersen, N.H.	Physica C, Superconductivity (1997) 278,  p122-p134
65268	C m c a	La2 Cu O3.98	La2CuO4	Determination of space group and refinement of structure parameters for La2 Cu O4-d crystals	Yamada, K.;  Kudo, E.;  Endoh, Y.;  Tsuda, K.;  Tanaka, M.;  Kokusho, K.;  Asano, H.;  Izumi, F.;  Oda, M.;  Hidaka, Y.;  Suzuki, M.;  Murakami, T.	Japanese Journal of Applied Physics, Part 1 (1988) 27,  p1132-p1137
65269	P c c n	La2 Cu O3.98	La2CuO4(oP28)	Determination of space group and refinement of structure parameters for La2 Cu O4-d crystals	Yamada, K.;  Kudo, E.;  Endoh, Y.;  Tsuda, K.;  Tanaka, M.;  Kokusho, K.;  Asano, H.;  Izumi, F.;  Oda, M.;  Hidaka, Y.;  Suzuki, M.;  Murakami, T.	Japanese Journal of Applied Physics, Part 1 (1988) 27,  p1132-p1137
65270	C m c a	La2 Cu O3.97	La2CuO4	Determination of space group and refinement of structure parameters for La2 Cu O4-d crystals	Yamada, K.;  Kudo, E.;  Endoh, Y.;  Tsuda, K.;  Tanaka, M.;  Kokusho, K.;  Asano, H.;  Izumi, F.;  Oda, M.;  Hidaka, Y.;  Suzuki, M.;  Murakami, T.	Japanese Journal of Applied Physics, Part 1 (1988) 27,  p1132-p1137
65271	P c c n	La2 Cu O3.97	La2CuO4(oP28)	Determination of space group and refinement of structure parameters for La2 Cu O4-d crystals	Yamada, K.;  Kudo, E.;  Endoh, Y.;  Tsuda, K.;  Tanaka, M.;  Kokusho, K.;  Asano, H.;  Izumi, F.;  Oda, M.;  Hidaka, Y.;  Suzuki, M.;  Murakami, T.	Japanese Journal of Applied Physics, Part 1 (1988) 27,  p1132-p1137
65380	C m m m	La2 Cu O3.95	La2CuO4(Cmmm)	Displacement waves in La2 Cu O4-d and La1.85 Sr.15 Cu O4-d	Kajitani, T.;  Onozuka, T.;  Yamaguchi, Y.;  Hirabayashi, M.;  Yasukiko, S.	Japanese Journal of Applied Physics, Part 2 (1987) 26,  p1877-p1880
65381	C m m m	La2 Cu O3.95	La2CuO4(Cmmm)	Displacement waves in La2 Cu O4-d and La1.85 Sr.15 Cu O4-d	Kajitani, T.;  Onozuka, T.;  Yamaguchi, Y.;  Hirabayashi, M.;  Yasukiko, S.	Japanese Journal of Applied Physics, Part 2 (1987) 26,  p1877-p1880
65382	C m m m	La2 Cu O3.95	La2CuO4(Cmmm)	Displacement waves in La2 Cu O4-d and La1.85 Sr.15 Cu O4-d	Kajitani, T.;  Onozuka, T.;  Yamaguchi, Y.;  Hirabayashi, M.;  Yasukiko, S.	Japanese Journal of Applied Physics, Part 2 (1987) 26,  p1877-p1880
65384	C m m m	La1.85 Sr.15 Cu O3.96	La2CuO4(Cmmm)	Displacement waves in La2 Cu O4-d and La1.85 Sr.15 Cu O4-d	Kajitani, T.;  Onozuka, T.;  Yamaguchi, Y.;  Hirabayashi, M.;  Yasukiko, S.	Japanese Journal of Applied Physics, Part 2 (1987) 26,  p1877-p1880
65803	I 4/m m m	(La1.908 Sr0.092) Cu O3.66	La2CuO4-x(tI13)	Single-crystal x-ray diffraction study of (La1-x Srx)2 Cu O4-delta	Higashi, I.;  Kitazawa, H.	Kidorui (1989) 14,  p134-p135
65804	I 4/m m m	La1.868 Sr.096 Cu O3.78	La2CuO4-x(tI13)	Single-crystal x-ray diffraction study of (La1-x Srx)2 Cu O4-delta	Higashi, I.;  Kitazawa, H.	Kidorui (1989) 14,  p134-p135
65864	C m c a	La2 Cu O3.88	La2CuO4	The crystal structure of superconducting La2 Cu O4.032 by neutron diffraction	Chaillout, C.;  Cheong, S.-W.;  Fisk, S.W.;  Lehmann, M.S.;  Marezio, M.;  Morosin, B.;  Scherber, J.E.	Physica C, Superconductivity (1989) 158,  p183-p191
65865	C m c a	La2 Cu O4.032	La2CuO4	The crystal structure of superconducting La2 Cu O4.032 by neutron diffraction	Chaillout, C.;  Cheong, S.-W.;  Fisk, S.W.;  Lehmann, M.S.;  Marezio, M.;  Morosin, B.;  Scherber, J.E.	Physica C, Superconductivity (1989) 158,  p183-p191
65872	C m c a	La1.85 Sr.15 Cu.75 Zn.25 O3.92	La2CuO4	Neutron and low temperature x-ray powder diffraction and thermal expansion measurements on La1.85 Sr.15 Cu1-x Znx O4-y	Remschnig, K.;  Rogl, P.;  Gratz, E.;  Mueller, H.;  Fischer, P.	Physica C, Superconductivity (1989) 158,  p458-p464
65874	A b m a	La1.83 Na.16 Cu O4	La2CuO4	Alkali-metal substituted La2 Cu O4: Structures of La2-x Mx Cu O4 (M= Na, K: x ca. 0.2)	Torardi, C.C.;  Subramanian, M.A.;  Gopalakrishnan, J.;  Sleight, A.W.	Physica C, Superconductivity (1989) 158,  p465-p470
65876	A b m a	La1.8 K.2 Cu O4	La2CuO4	Alkali-metal substituted La2 Cu O4: Structures of La2-x Mx Cu O4 (M= Na, K: x ca. 0.2)	Torardi, C.C.;  Subramanian, M.A.;  Gopalakrishnan, J.;  Sleight, A.W.	Physica C, Superconductivity (1989) 158,  p465-p470
65916	B m a b	La2 (Ni O4)	La2CuO4	Structure of the interstitial oxygen defect in La2 Ni O4+delta	Jorgensen, J.D.;  Dabrowski, B.;  Pei, S.;  Richards, D.R.;  Hinks, D.G.	Physical Review, Serie 3. B - Condensed Matter (18,1978-) (1989) 40,  p2187-p2199
68040	P c c n	(La1.85 Ba0.15) Cu O4	La2CuO4(oP28)	Crystal structures of (La(1-x) Mx)2 Cu O4-delta (M= Sr and Ba)	Onoda, M.;  Shamoto, S.;  Sato, M.;  Hosoya, S.	Japanese Journal of Applied Physics, Part 2 (1987) 26,  p363-p365
66059	B m a b	Nd2 (Ni O4)	La2CuO4	Structural phase transitions and three-dimensional magnetic ordering in the Nd2 Ni O4 oxide	Rodriguez Carvajal, J.;  Fernandez Diaz, M.T.;  Martinez, J.L.;  Fernandez, F.;  Saez-Puche, R.	Europhysics Letters (1990) 11,  p261-p268
66060	B m a b	Nd2 (Ni O4)	La2CuO4	Structural phase transitions and three-dimensional magnetic ordering in the Nd2NiO4 oxide	Rodriguez Carvajal, J.;  Fernandez Diaz, M.T.;  Martinez, J.L.;  Fernandez, F.;  Saez-Puche, R.	Europhysics Letters (1990) 11,  p261-p268
68381	B m a b	La2 (Cu O4)	La2CuO4	Single crystal neutron diffraction study of La2 Cu0.95 Li0.05 O4	Delgado, J.M.;  McMullan, R.K.;  Diaz de Delgado, G.;  Wuensch, B.J.;  Picone, P.J.;  Jenssen, H.P.;  Gabbe, D.R.	Physical Review, Serie 3. B - Condensed Matter (18,1978-) (1988) 37,  p9343-p9351
68804	A b m a	La1.5 Sr0.5 Cu0.75 Ti0.25 O4	La2CuO4	Ein Beitrag ueber dotiertes Lanthancuprat: La1.5 Sr0.5 Cu0.75 M0.25 O4 (M= Ti4+, Ir4+)	Mueller Buschbaum, H.;  Boje, J.	Journal of the Less-Common Metals (1990) 167,  p179-p183
68805	A b m a	La1.5 Sr0.5 Cu0.75 Ir0.25 O4	La2CuO4	Ein Beitrag ueber dotiertes Lanthancuprat: La1.5 Sr0.5 Cu0.75 M0.25 O4 (M= Ti4+, Ir4+)	Mueller Buschbaum, H.;  Boje, J.	Journal of the Less-Common Metals (1990) 167,  p179-p183
68895	A b m a	La2 (Cu0.8 Zn0.2) O4	La2CuO4	Superconducting cuprates and related oxides.II.Profile refinement of neutron powder diffraction data	Christensen, A.N.;  Lebech, B.	Acta Chemica Scandinavica (43,1989-) (1990) 44,  p902-p906
69282	B m a b	(La1.92 Sr0.08) Cu O4	La2CuO4	X-ray and neutron single-crystal diffraction study on La1.92Sr0.08CuO4-y	Kajitani, T.;  Hiraga, K.;  Sakurai, T.;  Hirabayashi, M.;  Hosoya, S.;  Fukuda, T.;  Oh-Ishi, K.	Physica C, Superconductivity (1990) 171,  p491-p497
69283	B m a b	(La1.92 Sr0.08) Cu O4	La2CuO4	X-ray and neutron single-crystal diffraction study on La1.92Sr0.08CuO4-y	Kajitani, T.;  Hiraga, K.;  Sakurai, T.;  Hirabayashi, M.;  Hosoya, S.;  Fukuda, T.;  Oh-Ishi, K.	Physica C, Superconductivity (1990) 171,  p491-p497
69284	B m a b	(La1.92 Sr0.08) Cu O4	La2CuO4	X-ray and neutron single-crystal diffraction study on La1.92Sr0.08CuO4-y	Kajitani, T.;  Hiraga, K.;  Sakurai, T.;  Hirabayashi, M.;  Hosoya, S.;  Fukuda, T.;  Oh-Ishi, K.	Physica C, Superconductivity (1990) 171,  p491-p497
69285	B m a b	La1.92 Sr0.08 Cu O4	La2CuO4	X-ray and neutron single-crystal diffraction study on La1.92Sr0.08CuO4-y	Kajitani, T.;  Hiraga, K.;  Sakurai, T.;  Hirabayashi, M.;  Hosoya, S.;  Fukuda, T.;  Oh-Ishi, K.	Physica C, Superconductivity (1990) 171,  p491-p497
69286	C m c a	La2 Cu O3.96	La2CuO4	Two-phase structural refinement of La2CuO4.032 at 15K	Chaillout, C.;  Chenavas, J.;  Cheong, S.-W.;  Fisk, Z.;  Marezio, M.;  Morosin, B.;  Schirber, J.E.	Physica C, Superconductivity (1990) 170,  p87-p94
69287	C m c a	La2 Cu O4.05	La2CuO4	Two-phase structural refinement of La2CuO4.032 at 15K	Chaillout, C.;  Chenavas, J.;  Cheong, S.-W.;  Fisk, Z.;  Marezio, M.;  Morosin, B.;  Schirber, J.E.	Physica C, Superconductivity (1990) 170,  p87-p94
69311	B m a b	La2 (Cu O4)	La2CuO4	Neutron and synchrotron X-ray powder diffraction study of La2 Cu O4+d	Zolliker, P.;  Cox, D.E.;  Parise, J.B.;  McCarron, E.M.;  Farneth, W.E.	Physical Review, Serie 3. B - Condensed Matter (18,1978-) (1990) 42, (10) p6332-p6341
69312	B m a b	La2 (Cu O4)	La2CuO4	Neutron and synchrotron X-ray powder diffraction study of La2 Cu O4+d	Zolliker, P.;  Cox, D.E.;  Parise, J.B.;  McCarron, E.M.;  Farneth, W.E.	Physical Review, Serie 3. B - Condensed Matter (18,1978-) (1990) 42, (10) p6332-p6341
69340	I 4/m m m	(La1.5 Ba0.5) Ni O3.72	La2CuO4-x(tI13)	Persistence of the La2NiO4/4 crystal structure in La2-xBaxNiO4 samples with high Ba contents (x&lt;1)	Alonso, J.A.;  Amador, J.;  Gutierrez Puebla, E.;  Monge, M.A.;  Rasines, I.;  Ruiz Valero, C.	Solid State Communications (1990) 76, (12) p1327-p1331
69802	I 4/m m m	(Nd Sr) Cu O3.56	La2CuO4-x(tI13)	Structural peculiarities of two layered cuprates, NdSrCuO3.5 and Nd1.8Sr1.2Cu2O6-delta	Labbe, P.H.;  Ledesert, M.;  Caignaert, V.;  Raveau, B.	Journal of Solid State Chemistry (1991) 91,  p362-p369
69752	B m a b	La2 Ni O4	La2CuO4	Neutron diffraction study on structural and magnetic properties of La2 Ni O4	Rodriguez Carvajal, J.;  Fernandez Diaz, M.T.;  Martinez, J.L.	Journal of Physics: Condensed Matter (1991) 3,  p3215-p3234
69754	B m a b	La2 (Ni O4)	La2CuO4	Neutron diffraction study on structural and magnetic properties of La2 Ni O4	Rodriguez Carvajal, J.;  Fernandez Diaz, M.T.;  Martinez, J.L.	Journal of Physics: Condensed Matter (1991) 3,  p3215-p3234
69755	B m a b	La2 (Ni O4)	La2CuO4	Neutron diffraction study on structural and magnetic properties of La2 Ni O4	Rodriguez Carvajal, J.;  Fernandez Diaz, M.T.;  Martinez, J.L.	Journal of Physics: Condensed Matter (1991) 3,  p3215-p3234
67835	C m c a	La2 Cu O4.08	La2CuO4	Room temperature lithium reduction of La2MO4+delta (M = Cu, Ni)	Rial, C.;  Amador, U.;  Varez, A.;  Moran, E.;  Alario-Franco, M.A.;  Gonzalez, A.;  Pingarron, J.M.	Solid State Ionics (1993) 63,  p907-p914
67837	C m c a	La2 (Cu O4)	La2CuO4	Room temperature lithium reduction of La2 M O4+delta (M = Cu, Ni)	Rial, C.;  Amador, U.;  Varez, A.;  Moran, E.;  Alario-Franco, M.A.;  Gonzalez, A.;  Pingarron, J.M.	Solid State Ionics (1993) 63,  p907-p914
67838	B m a b	La2 (Ni O4)	La2CuO4	Room temperature lithium reduction of La2 M O4+delta (M = Cu, Ni)	Rial, C.;  Amador, U.;  Varez, A.;  Moran, E.;  Alario-Franco, M.A.;  Gonzalez, A.;  Pingarron, J.M.	Solid State Ionics (1993) 63,  p907-p914
67836	C m c a	La2 (Cu O4)	La2CuO4	Room temperature lithium reduction of La2 M O4+delta (M= Cu, Ni)	Rial, C.;  Amador, U.;  Varez, A.;  Moran, E.;  Alario-Franco, M.A.;  Gonzalez, A.;  Pingarron, J.M.	Solid State Ionics (1993) 63,  p907-p914
71400	B m a b	(La1.84 Sr0.16) Cu O4.032	La2CuO4	Superconducting superoxygenated cuprates: search for phase separation in La1.84Sr0.16CuO4+d	Morosin, B.;  Kwei, G.H.;  Schirber, J.E.;  Voigt, J.A.;  Venturini, E.L.;  Goldstone, J.A.	Physical Review, Serie 3. B - Condensed Matter (18,1978-) (1991) 44, (14) p7673-p7679
71401	B m a b	La1.84 Sr0.16 Cu O4.026	La2CuO4	Superconducting superoxygenated cuprates: search for phase separation in La1.84Sr0.16CuO4+d	Morosin, B.;  Kwei, G.H.;  Schirber, J.E.;  Voigt, J.A.;  Venturini, E.L.;  Goldstone, J.A.	Physical Review, Serie 3. B - Condensed Matter (18,1978-) (1991) 44, (14) p7673-p7679
71402	B m a b	La1.84 Sr0.16 Cu O4.05	La2CuO4	Superconducting superoxygenated cuprates: search for phase separation in La1.84Sr0.16CuO4+d	Morosin, B.;  Kwei, G.H.;  Schirber, J.E.;  Voigt, J.A.;  Venturini, E.L.;  Goldstone, J.A.	Physical Review, Serie 3. B - Condensed Matter (18,1978-) (1991) 44, (14) p7673-p7679
72222	A b m a	Sr La Sc O4	La2CuO4	Structural and dielectric studies on the new series of layered compounds, strontium lanthanum scandium oxides	Kim, I.-S.;  Kawaji, H.;  Itoh, M.;  Nakamura, T.	Materials Research Bulletin (1992) 27,  p1193-p1203
72237	B m a b	La2 (Cu O4)	La2CuO4	EXAFS study at the LaLIII X-ray absorption edge of superconducting materials obtained by fluorination of La2-x Srx Cu O4 oxides (0&lt;x&lt;0.15)	Tuilier, M.H.;  Chevalier, B.;  Tressaud, A.;  Brisson, C.;  Soubeyroux, J.L.;  Etourneau, J.	Physica C, Superconductivity (1992) 200,  p113-p121
71795	C m c a	La2 (Cu O4)	La2CuO4	Structural aspects of the phase separation in La2 Cu O4.032	Chaillout, C.;  Bordet, P.;  Chenavas, J.;  Cheong, S.-W.;  Fisk, Z.;  Marezio, M.;  Morosin, B.;  Schirber, J.E.	Materials Research Society Symposia Proceedings (1990) 169,  p47-p52
73377	B m a b	La2 Ni O4.003	La2CuO4	Structure of the interstitial oxygen defect in La2NiO4+d	Jorgensen, J.D.;  Dabrowski, B.;  Pei, S.-Y.;  Richards, D.R.;  Hinks, D.G.	Physical Review, Serie 3. B - Condensed Matter (18,1978-) (1989) 40, (4) p2187-p2199
73379	B m a b	La2 Ni O4.003	La2CuO4	Structure of the interstitial oxygen defect in La2NiO4+d	Jorgensen, J.D.;  Dabrowski, B.;  Pei, S.-Y.;  Richards, D.R.;  Hinks, D.G.	Physical Review, Serie 3. B - Condensed Matter (18,1978-) (1989) 40, (4) p2187-p2199
73381	B m a b	La2 Ni O4.003	La2CuO4	Structure of the interstitial oxygen defect in La2NiO4+d	Jorgensen, J.D.;  Dabrowski, B.;  Pei, S.-Y.;  Richards, D.R.;  Hinks, D.G.	Physical Review, Serie 3. B - Condensed Matter (18,1978-) (1989) 40, (4) p2187-p2199
73383	B m a b	La2 Ni O4.003	La2CuO4	Structure of the interstitial oxygen defect in La2NiO4+d	Jorgensen, J.D.;  Dabrowski, B.;  Pei, S.-Y.;  Richards, D.R.;  Hinks, D.G.	Physical Review, Serie 3. B - Condensed Matter (18,1978-) (1989) 40, (4) p2187-p2199
73485	B m a b	La2 Cu O4.086	La2CuO4	Observation of superstructures in La2CuO4.09	Lagueyte, N.;  Weill, F.;  Wattiaux, A.;  Grenier, J.C.	European Journal of Solid State Inorganic Chemistry (1993) 30,  p859-p869
73486	B m a b	La2 Cu O4.138	La2CuO4	Observation of superstructures in La2CuO4.09	Lagueyte, N.;  Weill, F.;  Wattiaux, A.;  Grenier, J.C.	European Journal of Solid State Inorganic Chemistry (1993) 30,  p859-p869
73513	I 4/m m m	La1.83 Ni O3.84	La2CuO4-x(tI13)	Investigation on the structure and properties of La2-xSrxNiO4 oxides with tetrahedron K2NiF4 structure	Zheng, H.-Y.;  Du, S.-B.;  Lu, G.-L.;  Lou, H.;  Ma, F.-T.;  Wang, J.	Hua Hsueh Hsueh Pao (1993) 51,  p373-p378
73774	B m a b	(La1.975 Sr0.025) Cu O4.03	La2CuO4	Phase separation and superconductivity in superoxygenated La2-xSrxCuO4+d	Kwei, G.H.;  Schirber, J.E.;  Morosin, B.;  Venturini, E.L.;  Voigt, J.A.;  Goldstone, J.A.;  Lawson, A.C.jr.	Journal of Physics and Chemistry of Solids (1993) 54, (10) p1403-p1406
73775	B m a b	(La1.975 Sr0.025) Cu O4.072	La2CuO4	Phase separation and superconductivity in superoxygenated La2-xSrxCuO4+d	Kwei, G.H.;  Schirber, J.E.;  Morosin, B.;  Venturini, E.L.;  Voigt, J.A.;  Goldstone, J.A.;  Lawson, A.C.jr.	Journal of Physics and Chemistry of Solids (1993) 54, (10) p1403-p1406
73867	I 4/m m m	(Y0.33 Sr1.67) Ni O3.67	La2CuO4-x(tI13)	The structure and properties of an unusual new nickel(III) oxide: YSr5Ni3O11	James, M.;  Attfield, J.P.	Journal of Solid State Chemistry (1993) 105,  p287-p293
73906	A b m a	La2 (Cu O4)	La2CuO4	Simulation study of pressure-induced structural changes in La2 Cu O4 and in La1.83 Sr0.17 Cu O4	Zhang, Y.;  Catlow, C.R.A.;  Parker, S.C.;  Wall, A.	Journal of Physics and Chemistry of Solids (1992) 53, (6) p761-p770
73907	A b m a	La2 Cu O4	La2CuO4	Simulation study of pressure-induced structural changes in La2CuO4 and in La1.83Sr0.17CuO4	Zhang, Y.;  Catlow, C.R.A.;  Parker, S.C.;  Wall, A.	Journal of Physics and Chemistry of Solids (1992) 53, (6) p761-p770
73908	A b m a	La2 Cu O4	La2CuO4	Simulation study of pressure-induced structural changes in La2CuO4 and in La1.83Sr0.17CuO4	Zhang, Y.;  Catlow, C.R.A.;  Parker, S.C.;  Wall, A.	Journal of Physics and Chemistry of Solids (1992) 53, (6) p761-p770
73909	A b m a	La2 Cu O4	La2CuO4	Simulation study of pressure-induced structural changes in La2CuO4 and in La1.83Sr0.17CuO4	Zhang, Y.;  Catlow, C.R.A.;  Parker, S.C.;  Wall, A.	Journal of Physics and Chemistry of Solids (1992) 53, (6) p761-p770
73910	A b m a	La2 Cu O4	La2CuO4	Simulation study of pressure-induced structural changes in La2CuO4 and in La1.83Sr0.17CuO4	Zhang, Y.;  Catlow, C.R.A.;  Parker, S.C.;  Wall, A.	Journal of Physics and Chemistry of Solids (1992) 53, (6) p761-p770
74107	B m a b	(La1.97 Ba0.03) Cu O4	La2CuO4	Crystal structure and superconductivity of La2-xBaxCuO4 (0.03 &lt; x &lt; 0.24)	Katano, S.;  Fernandez-Baca, J.A.;  Funahashi, S.;  Mori, N.;  Ueda, Y.;  Koga, K.	Physica C, Superconductivity (1993) 214,  p64-p72
74108	B m a b	(La1.92 Ba0.08) Cu O4	La2CuO4	Crystal structure and superconductivity of La2-xBaxCuO4 (0.03 &lt; x &lt; 0.24)	Katano, S.;  Fernandez-Baca, J.A.;  Funahashi, S.;  Mori, N.;  Ueda, Y.;  Koga, K.	Physica C, Superconductivity (1993) 214,  p64-p72
74109	B m a b	(La1.875 Ba0.125) Cu O4	La2CuO4	Crystal structure and superconductivity of La2-xBaxCuO4 (0.03 &lt; x &lt; 0.24)	Katano, S.;  Fernandez-Baca, J.A.;  Funahashi, S.;  Mori, N.;  Ueda, Y.;  Koga, K.	Physica C, Superconductivity (1993) 214,  p64-p72
74145	C m c a	La2 (Cu O4)	La2CuO4	Neutron-diffraction study of anisotropy of crystal-lattice expansion in La2-x Srx Cu O4 under doping with Sr and radiation-induced disorder	Voronin, V.I.;  Mirmelstein, A.;  Kozhevnikov, V.;  Goshchitskii, B.	Physica C, Superconductivity (1993) 218,  p407-p416
74146	C m c a	(La1.99 Sr0.01) Cu O4	La2CuO4	Neutron-diffraction study of anisotropy of crystal-lattice expansion in La2-xSrxCuO4 under doping with Sr and radiation-induced disorder	Voronin, V.I.;  Mirmelstein, A.;  Kozhevnikov, V.;  Goshchitskii, B.	Physica C, Superconductivity (1993) 218,  p407-p416
74150	C m c a	La2 (Cu O4)	La2CuO4	Neutron-diffraction study of anisotropy of crystal-lattice expansion in La2-x Srx Cu O4 under doping with Sr and radiation-induced disorder	Voronin, V.I.;  Mirmelstein, A.;  Kozhevnikov, V.;  Goshchitskii, B.	Physica C, Superconductivity (1993) 218,  p407-p416
74355	I 4/m m m	Nd Sr (Co0.2 Cu0.8) O3.654	La2CuO4-x(tI13)	Structure and oxygen stoichiometry in complex neodymium strontium cobalt copper oxides: (NdSrCo1-xCuxO4-y)	Grandjean, D.;  Weller, M.T.	Materials Research Bulletin (1993) 28,  p685-p692
75015	I 4/m m m	Nd0.8 Sr1.2 Cu O3.6	La2CuO4-x(tI13)	The Nd2O3-SrO-CuO system: compounds and phase relations	Chen, X.-L.;  Liang, J.-K.;  Wang, C.;  Rao, G.-G.;  Xing, X.-R.;  Song, Z.-H.;  Qiao, Z.-Y.	Journal of Alloys and Compounds (1994) 205,  p101-p106
78045	B m a b	La2 (Co0.75 Cu0.25) O4.11	La2CuO4	Oxygen-defect geometry in oxygen-rich La2CoxCu1-xO4+delta	Lappas, A.;  Prassides, K.	Journal of Solid State Chemistry (1994) 108,  p59-p67
78046	B m a b	La2 (Co0.75 Cu0.25) O4.1	La2CuO4	Oxygen-defect geometry in oxygen-rich La2CoxCu1-xO4+delta	Lappas, A.;  Prassides, K.	Journal of Solid State Chemistry (1994) 108,  p59-p67
78194	B m a b	La2 (Cu O4)	La2CuO4	Structural and superconducting properties of La2-x Srx Cu O4 as a function of Sr content	Radaelli, P.G.;  Hinks, D.G.;  Mitchell, A.W.;  Hunter, B.A.;  Wagner, J.L.;  Dabrowski, B.;  Vandervoort, K.G.;  Viswanathan, H.K.;  Jorgensen, J.D.	Physical Review, Serie 3. B - Condensed Matter (18,1978-) (1994) 49, (6) p4163-p4175
78197	B m a b	(La1.9 Sr0.1) Cu O4	La2CuO4	Structural and superconducting properties of La2-xSrxCuO4 as a function of Sr content	Radaelli, P.G.;  Hinks, D.G.;  Mitchell, A.W.;  Hunter, B.A.;  Wagner, J.L.;  Dabrowski, B.;  Vandervoort, K.G.;  Viswanathan, H.K.;  Jorgensen, J.D.	Physical Review, Serie 3. B - Condensed Matter (18,1978-) (1994) 49, (6) p4163-p4175
78201	B m a b	(La1.85 Sr0.15) Cu O4	La2CuO4	Structural and superconducting properties of La2-xSrxCuO4 as a function of Sr content	Radaelli, P.G.;  Hinks, D.G.;  Mitchell, A.W.;  Hunter, B.A.;  Wagner, J.L.;  Dabrowski, B.;  Vandervoort, K.G.;  Viswanathan, H.K.;  Jorgensen, J.D.	Physical Review, Serie 3. B - Condensed Matter (18,1978-) (1994) 49, (6) p4163-p4175
78205	B m a b	(La1.8 Sr0.2) Cu O4	La2CuO4	Structural and superconducting properties of La2-xSrxCuO4 as a function of Sr content	Radaelli, P.G.;  Hinks, D.G.;  Mitchell, A.W.;  Hunter, B.A.;  Wagner, J.L.;  Dabrowski, B.;  Vandervoort, K.G.;  Viswanathan, H.K.;  Jorgensen, J.D.	Physical Review, Serie 3. B - Condensed Matter (18,1978-) (1994) 49, (6) p4163-p4175
78216	B m a b	(La1.925 Sr0.075) Cu O4	La2CuO4	Structural and superconducting properties of La2-xSrxCuO4 as a function of Sr content	Radaelli, P.G.;  Hinks, D.G.;  Mitchell, A.W.;  Hunter, B.A.;  Wagner, J.L.;  Dabrowski, B.;  Vandervoort, K.G.;  Viswanathan, H.K.;  Jorgensen, J.D.	Physical Review, Serie 3. B - Condensed Matter (18,1978-) (1994) 49, (6) p4163-p4175
78218	B m a b	(La1.9 Sr0.1) Cu O4	La2CuO4	Structural and superconducting properties of La2-xSrxCuO4 as a function of Sr content	Radaelli, P.G.;  Hinks, D.G.;  Mitchell, A.W.;  Hunter, B.A.;  Wagner, J.L.;  Dabrowski, B.;  Vandervoort, K.G.;  Viswanathan, H.K.;  Jorgensen, J.D.	Physical Review, Serie 3. B - Condensed Matter (18,1978-) (1994) 49, (6) p4163-p4175
78222	B m a b	(La1.85 Sr0.15) Cu O4	La2CuO4	Structural and superconducting properties of La2-xSrxCuO4 as a function of Sr content	Radaelli, P.G.;  Hinks, D.G.;  Mitchell, A.W.;  Hunter, B.A.;  Wagner, J.L.;  Dabrowski, B.;  Vandervoort, K.G.;  Viswanathan, H.K.;  Jorgensen, J.D.	Physical Review, Serie 3. B - Condensed Matter (18,1978-) (1994) 49, (6) p4163-p4175
78226	B m a b	(La1.8 Sr0.2) Cu O4	La2CuO4	Structural and superconducting properties of La2-xSrxCuO4 as a function of Sr content	Radaelli, P.G.;  Hinks, D.G.;  Mitchell, A.W.;  Hunter, B.A.;  Wagner, J.L.;  Dabrowski, B.;  Vandervoort, K.G.;  Viswanathan, H.K.;  Jorgensen, J.D.	Physical Review, Serie 3. B - Condensed Matter (18,1978-) (1994) 49, (6) p4163-p4175
78237	B m a b	La2 (Cu O4)	La2CuO4	Structural and superconducting properties of La2-x Srx Cu O4 as a function of Sr content	Radaelli, P.G.;  Hinks, D.G.;  Mitchell, A.W.;  Hunter, B.A.;  Wagner, J.L.;  Dabrowski, B.;  Vandervoort, K.G.;  Viswanathan, H.K.;  Jorgensen, J.D.	Physical Review, Serie 3. B - Condensed Matter (18,1978-) (1994) 49, (6) p4163-p4175
78240	B m a b	(La1.9 Sr0.1) Cu O4	La2CuO4	Structural and superconducting properties of La2-xSrxCuO4 as a function of Sr content	Radaelli, P.G.;  Hinks, D.G.;  Mitchell, A.W.;  Hunter, B.A.;  Wagner, J.L.;  Dabrowski, B.;  Vandervoort, K.G.;  Viswanathan, H.K.;  Jorgensen, J.D.	Physical Review, Serie 3. B - Condensed Matter (18,1978-) (1994) 49, (6) p4163-p4175
75533	C m c a	(La0.95 Ca0.05)2 Cu O4	La2CuO4	Structure refinements of orthorhombic (La1-x Cax)2 Cu O4 (x=0.05)	Kito, H.;  Akimitsu, J.;  Izumi, F.;  Kamiyama, T.;  Asano, H.	Journal of the Physical Society of Japan (1994) 63,  p695-p699
75534	C m c a	(La0.95 Ca0.05)2 Cu O4	La2CuO4	Structure refinements of orthorhombic (La1-x Cax)2 Cu O4 (x=0.05)	Kito, H.;  Akimitsu, J.;  Izumi, F.;  Kamiyama, T.;  Asano, H.	Journal of the Physical Society of Japan (1994) 63,  p695-p699
75535	C m c a	(La0.95 Ca0.05)2 Cu O4	La2CuO4	Structure refinements of orthorhombic (La1-x Cax)2 Cu O4 (x=0.05)	Kito, H.;  Akimitsu, J.;  Izumi, F.;  Kamiyama, T.;  Asano, H.	Journal of the Physical Society of Japan (1994) 63,  p695-p699
75755	A b m a	La1.972 Cu O3.978	La2CuO4	Relation between structure and doping in La2-x Srx Cu O4+d. A neutron diffraction study on single crystals	Braden, M.;  Schweiss, P.;  Heger, G.;  Reichardt, W.;  Fisk, Z.;  Gamayunov, K.;  Tanaka, I.;  Kojima, H.	Physica C, Superconductivity (1994) 223,  p396-p416
75756	A b m a	La1.972 Cu O3.978	La2CuO4	Relation between structure and doping in La2-x Srx Cu O4+d. A neutron diffraction study on single crystals	Braden, M.;  Schweiss, P.;  Heger, G.;  Reichardt, W.;  Fisk, Z.;  Gamayunov, K.;  Tanaka, I.;  Kojima, H.	Physica C, Superconductivity (1994) 223,  p396-p416
75758	A b m a	La1.972 Cu O3.926	La2CuO4	Relation between structure and doping in La2-x Srx Cu O4+d. A neutron diffraction study on single crystals	Braden, M.;  Schweiss, P.;  Heger, G.;  Reichardt, W.;  Fisk, Z.;  Gamayunov, K.;  Tanaka, I.;  Kojima, H.	Physica C, Superconductivity (1994) 223,  p396-p416
75759	A b m a	(La1.93 Sr0.07) Cu O3.992	La2CuO4	Relation between structure and doping in La2-x Srx Cu O4+d. A neutron diffraction study on single crystals	Braden, M.;  Schweiss, P.;  Heger, G.;  Reichardt, W.;  Fisk, Z.;  Gamayunov, K.;  Tanaka, I.;  Kojima, H.	Physica C, Superconductivity (1994) 223,  p396-p416
75760	A b m a	(La1.87 Sr0.13) Cu O4	La2CuO4	Relation between structure and doping in La2-x Srx Cu O4+d. A neutron diffraction study on single crystals	Braden, M.;  Schweiss, P.;  Heger, G.;  Reichardt, W.;  Fisk, Z.;  Gamayunov, K.;  Tanaka, I.;  Kojima, H.	Physica C, Superconductivity (1994) 223,  p396-p416
75761	A b m a	(La1.87 Sr0.13) Cu O4	La2CuO4	Relation between structure and doping in La2-x Srx Cu O4+d. A neutron diffraction study on single crystals	Braden, M.;  Schweiss, P.;  Heger, G.;  Reichardt, W.;  Fisk, Z.;  Gamayunov, K.;  Tanaka, I.;  Kojima, H.	Physica C, Superconductivity (1994) 223,  p396-p416
75762	A b m a	(La1.87 Sr0.13) Cu O4	La2CuO4	Relation between structure and doping in La2-x Srx Cu O4+d. A neutron diffraction study on single crystals	Braden, M.;  Schweiss, P.;  Heger, G.;  Reichardt, W.;  Fisk, Z.;  Gamayunov, K.;  Tanaka, I.;  Kojima, H.	Physica C, Superconductivity (1994) 223,  p396-p416
75869	C m c a	La1.95 Sr0.05 Cu O4	La2CuO4	Evidence of interstitial oxygen in room temperature oxidized La(2-x) Sr(x) Cu O(4+y) (0&lt; x&lt; 0.1)	Rial, C.;  Amador, U.;  Moran, E.;  Alario-Franco, M.A.;  Andersen, N.H.	Physica C, Superconductivity (1994) 234,  p237-p248
75870	C m c a	La1.91 Sr0.09 Cu O3.99	La2CuO4	Evidence of interstitial oxygen in room temperature oxidized La(2-x) Sr(x) Cu O(4+y) (0&lt; x&lt; 0.1)	Rial, C.;  Amador, U.;  Moran, E.;  Alario-Franco, M.A.;  Andersen, N.H.	Physica C, Superconductivity (1994) 234,  p237-p248
75871	C m c a	La1.95 Sr0.05 Cu O4.13	La2CuO4	Evidence of interstitial oxygen in room temperature oxidized La(2-x) Sr(x) Cu O(4+y) (0&lt; x&lt; 0.1)	Rial, C.;  Amador, U.;  Moran, E.;  Alario-Franco, M.A.;  Andersen, N.H.	Physica C, Superconductivity (1994) 234,  p237-p248
75872	C m c a	La1.91 Sr0.09 Cu O4.12	La2CuO4	Evidence of interstitial oxygen in room temperature oxidized La(2-x) Sr(x) Cu O(4+y) (0&lt; x&lt; 0.1)	Rial, C.;  Amador, U.;  Moran, E.;  Alario-Franco, M.A.;  Andersen, N.H.	Physica C, Superconductivity (1994) 234,  p237-p248
75874	C m c a	La1.91 Sr0.09 Cu O4.12	La2CuO4	Evidence of interstitial oxygen in room temperature oxidized La(2-x) Sr(x) Cu O(4+y) (0&lt; x&lt; 0.1)	Rial, C.;  Amador, U.;  Moran, E.;  Alario-Franco, M.A.;  Andersen, N.H.	Physica C, Superconductivity (1994) 234,  p237-p248
75891	B m a b	La2 (Cu O4)	La2CuO4	Neutron powder diffraction study of phase separation in La2 Cu O(4+d) oxidized in K Mn O4 solutions	Izumi, F.;  Kim, Y.-I.;  Takayama Muromachi, E.;  Kamiyama, T.	Physica C, Superconductivity (1994) 235,  p841-p842
75915	I 4/m m m	Sr2.26 Cu O3.22	La2CuO4-x(tI13)	Structural study of Sr2 Cu O(3+d) by neutron powder diffraction	Shimakawa, Y.;  Jorgensen, J.D.;  Mitchell, J.F.;  Hunter, B.A.;  Shaked, H.;  Hinks, D.G.;  Hitterman, R.L.;  Hiroi, Z.;  Takano, M.	Physica C, Superconductivity (1994) 228,  p73-p80
79037	B m a b	(La1.35 Sm0.45 Sr0.2) Cu O4	La2CuO4	Structural and superconducting properties of the La(1.8-x) Smx Sr0.2 Cu O4 system (0&lt;x&lt;1)	Ben Salem, E.;  Chevalier, B.;  Gravereau, P.;  Weill, F.;  Tressaud, A.;  Etourneau, J.	Physica C, Superconductivity (1995) 242,  p342-p350
70036	B m a b	Ca Sm Cr O4	La2CuO4	Structural and magnetic characterization of novel stoichiometric Ln Ca Cr O4 oxides (Ln, rare earth)	Morales Sanchez, A.;  Fernandez, F.;  Saez-Puche, R.;  Fernandez-Martin, F.	Journal of Alloys and Compounds (1994) 203,  p143-p148
78287	B m a b	La2 (Cu O4)	La2CuO4	Structural effects of hydrostatic pressure in orthorhombic La2-x Srx Cu O4	Takahashi, H.;  Shaked, H.;  Hunter, B.A.;  Radaelli, P.G.;  Hitterman, R.L.;  Hinks, D.G.;  Jorgensen, J.D.	Physical Review, Serie 3. B - Condensed Matter (18,1978-) (1994) 50, (5) p3221-p3229
78288	B m a b	La2 Cu O4	La2CuO4	Structural effects of hydrostatic pressure in orthorhombic La2-x Srx Cu O4	Takahashi, H.;  Shaked, H.;  Hunter, B.A.;  Radaelli, P.G.;  Hitterman, R.L.;  Hinks, D.G.;  Jorgensen, J.D.	Physical Review, Serie 3. B - Condensed Matter (18,1978-) (1994) 50, (5) p3221-p3229
78289	B m a b	La2 Cu O4	La2CuO4	Structural effects of hydrostatic pressure in orthorhombic La2-x Srx Cu O4	Takahashi, H.;  Shaked, H.;  Hunter, B.A.;  Radaelli, P.G.;  Hitterman, R.L.;  Hinks, D.G.;  Jorgensen, J.D.	Physical Review, Serie 3. B - Condensed Matter (18,1978-) (1994) 50, (5) p3221-p3229
78290	B m a b	La2 Cu O4	La2CuO4	Structural effects of hydrostatic pressure in orthorhombic La2-x Srx Cu O4	Takahashi, H.;  Shaked, H.;  Hunter, B.A.;  Radaelli, P.G.;  Hitterman, R.L.;  Hinks, D.G.;  Jorgensen, J.D.	Physical Review, Serie 3. B - Condensed Matter (18,1978-) (1994) 50, (5) p3221-p3229
78291	B m a b	La2 Cu O4	La2CuO4	Structural effects of hydrostatic pressure in orthorhombic La2-x Srx Cu O4	Takahashi, H.;  Shaked, H.;  Hunter, B.A.;  Radaelli, P.G.;  Hitterman, R.L.;  Hinks, D.G.;  Jorgensen, J.D.	Physical Review, Serie 3. B - Condensed Matter (18,1978-) (1994) 50, (5) p3221-p3229
78292	B m a b	La2 Cu O4	La2CuO4	Structural effects of hydrostatic pressure in orthorhombic La2-x Srx Cu O4	Takahashi, H.;  Shaked, H.;  Hunter, B.A.;  Radaelli, P.G.;  Hitterman, R.L.;  Hinks, D.G.;  Jorgensen, J.D.	Physical Review, Serie 3. B - Condensed Matter (18,1978-) (1994) 50, (5) p3221-p3229
78293	B m a b	La2 Cu O4	La2CuO4	Structural effects of hydrostatic pressure in orthorhombic La2-x Srx Cu O4	Takahashi, H.;  Shaked, H.;  Hunter, B.A.;  Radaelli, P.G.;  Hitterman, R.L.;  Hinks, D.G.;  Jorgensen, J.D.	Physical Review, Serie 3. B - Condensed Matter (18,1978-) (1994) 50, (5) p3221-p3229
78294	B m a b	La2 (Cu O4)	La2CuO4	Structural effects of hydrostatic pressure in orthorhombic La2-x Srx Cu O4	Takahashi, H.;  Shaked, H.;  Hunter, B.A.;  Radaelli, P.G.;  Hitterman, R.L.;  Hinks, D.G.;  Jorgensen, J.D.	Physical Review, Serie 3. B - Condensed Matter (18,1978-) (1994) 50, (5) p3221-p3229
78295	B m a b	La2 Cu O4	La2CuO4	Structural effects of hydrostatic pressure in orthorhombic La2-x Srx Cu O4	Takahashi, H.;  Shaked, H.;  Hunter, B.A.;  Radaelli, P.G.;  Hitterman, R.L.;  Hinks, D.G.;  Jorgensen, J.D.	Physical Review, Serie 3. B - Condensed Matter (18,1978-) (1994) 50, (5) p3221-p3229
78296	B m a b	La2 Cu O4	La2CuO4	Structural effects of hydrostatic pressure in orthorhombic La2-x Srx Cu O4	Takahashi, H.;  Shaked, H.;  Hunter, B.A.;  Radaelli, P.G.;  Hitterman, R.L.;  Hinks, D.G.;  Jorgensen, J.D.	Physical Review, Serie 3. B - Condensed Matter (18,1978-) (1994) 50, (5) p3221-p3229
78297	B m a b	La2 Cu O4	La2CuO4	Structural effects of hydrostatic pressure in orthorhombic La2-x Srx Cu O4	Takahashi, H.;  Shaked, H.;  Hunter, B.A.;  Radaelli, P.G.;  Hitterman, R.L.;  Hinks, D.G.;  Jorgensen, J.D.	Physical Review, Serie 3. B - Condensed Matter (18,1978-) (1994) 50, (5) p3221-p3229
78298	B m a b	La2 Cu O4	La2CuO4	Structural effects of hydrostatic pressure in orthorhombic La2-x Srx Cu O4	Takahashi, H.;  Shaked, H.;  Hunter, B.A.;  Radaelli, P.G.;  Hitterman, R.L.;  Hinks, D.G.;  Jorgensen, J.D.	Physical Review, Serie 3. B - Condensed Matter (18,1978-) (1994) 50, (5) p3221-p3229
78299	B m a b	La2 Cu O4	La2CuO4	Structural effects of hydrostatic pressure in orthorhombic La2-x Srx Cu O4	Takahashi, H.;  Shaked, H.;  Hunter, B.A.;  Radaelli, P.G.;  Hitterman, R.L.;  Hinks, D.G.;  Jorgensen, J.D.	Physical Review, Serie 3. B - Condensed Matter (18,1978-) (1994) 50, (5) p3221-p3229
78300	B m a b	La2 Cu O4	La2CuO4	Structural effects of hydrostatic pressure in orthorhombic La2-x Srx Cu O4	Takahashi, H.;  Shaked, H.;  Hunter, B.A.;  Radaelli, P.G.;  Hitterman, R.L.;  Hinks, D.G.;  Jorgensen, J.D.	Physical Review, Serie 3. B - Condensed Matter (18,1978-) (1994) 50, (5) p3221-p3229
78301	B m a b	(La1.9 Sr0.1) Cu O4	La2CuO4	Structural effects of hydrostatic pressure in orthorhombic La2-x Srx Cu O4	Takahashi, H.;  Shaked, H.;  Hunter, B.A.;  Radaelli, P.G.;  Hitterman, R.L.;  Hinks, D.G.;  Jorgensen, J.D.	Physical Review, Serie 3. B - Condensed Matter (18,1978-) (1994) 50, (5) p3221-p3229
78302	B m a b	(La1.9 Sr0.1) Cu O4	La2CuO4	Structural effects of hydrostatic pressure in orthorhombic La2-x Srx Cu O4	Takahashi, H.;  Shaked, H.;  Hunter, B.A.;  Radaelli, P.G.;  Hitterman, R.L.;  Hinks, D.G.;  Jorgensen, J.D.	Physical Review, Serie 3. B - Condensed Matter (18,1978-) (1994) 50, (5) p3221-p3229
78303	B m a b	(La1.9 Sr0.1) Cu O4	La2CuO4	Structural effects of hydrostatic pressure in orthorhombic La2-x Srx Cu O4	Takahashi, H.;  Shaked, H.;  Hunter, B.A.;  Radaelli, P.G.;  Hitterman, R.L.;  Hinks, D.G.;  Jorgensen, J.D.	Physical Review, Serie 3. B - Condensed Matter (18,1978-) (1994) 50, (5) p3221-p3229
78304	B m a b	(La1.9 Sr0.1) Cu O4	La2CuO4	Structural effects of hydrostatic pressure in orthorhombic La2-x Srx Cu O4	Takahashi, H.;  Shaked, H.;  Hunter, B.A.;  Radaelli, P.G.;  Hitterman, R.L.;  Hinks, D.G.;  Jorgensen, J.D.	Physical Review, Serie 3. B - Condensed Matter (18,1978-) (1994) 50, (5) p3221-p3229
78305	B m a b	(La1.9 Sr0.1) Cu O4	La2CuO4	Structural effects of hydrostatic pressure in orthorhombic La2-x Srx Cu O4	Takahashi, H.;  Shaked, H.;  Hunter, B.A.;  Radaelli, P.G.;  Hitterman, R.L.;  Hinks, D.G.;  Jorgensen, J.D.	Physical Review, Serie 3. B - Condensed Matter (18,1978-) (1994) 50, (5) p3221-p3229
78306	B m a b	(La1.9 Sr0.1) Cu O4	La2CuO4	Structural effects of hydrostatic pressure in orthorhombic La2-x Srx Cu O4	Takahashi, H.;  Shaked, H.;  Hunter, B.A.;  Radaelli, P.G.;  Hitterman, R.L.;  Hinks, D.G.;  Jorgensen, J.D.	Physical Review, Serie 3. B - Condensed Matter (18,1978-) (1994) 50, (5) p3221-p3229
78307	B m a b	(La1.9 Sr0.1) Cu O4	La2CuO4	Structural effects of hydrostatic pressure in orthorhombic La2-x Srx Cu O4	Takahashi, H.;  Shaked, H.;  Hunter, B.A.;  Radaelli, P.G.;  Hitterman, R.L.;  Hinks, D.G.;  Jorgensen, J.D.	Physical Review, Serie 3. B - Condensed Matter (18,1978-) (1994) 50, (5) p3221-p3229
79470	B m a b	La1.8 Nd0.2 Cu O4	La2CuO4	Superconductivity in the La2 Cu O4 - Nd2 Cu O4 system after treatment under oxidizing conditions	Arrouy, F.;  Wattiaux, A.;  Marquestaut, E.;  Cros, C.;  Demazeau, G.;  Grenier, J.C.;  Pouchard, M.	Journal of Solid State Chemistry (1995) 115,  p540-p548
79471	B m a b	La1.5 Nd0.5 Cu O4	La2CuO4	Superconductivity in the La2 Cu O4 - Nd2 Cu O4 system after treatment under oxidizing conditions	Arrouy, F.;  Wattiaux, A.;  Marquestaut, E.;  Cros, C.;  Demazeau, G.;  Grenier, J.C.;  Pouchard, M.	Journal of Solid State Chemistry (1995) 115,  p540-p548
78632	B m a b	(La1.95 Sr0.05) Cu O4	La2CuO4	Structural and superconducting properties of La2-x Sr(x) Cu O4+y (0 &lt; x &lt; 0.15) prepared by room temperature chemical oxidation	Rial, C.;  Moran, E.;  Alario-Franco, M.A.;  Amador, U.;  Andersen, N.H.	Physica C, Superconductivity (1995) 254,  p233-p248
78633	B m a b	(La1.91 Sr0.09) Cu O4	La2CuO4	Structural and superconducting properties of La2-x Sr(x) Cu O4+y (0 &lt; x &lt; 0.15) prepared by room temperature chemical oxidation	Rial, C.;  Moran, E.;  Alario-Franco, M.A.;  Amador, U.;  Andersen, N.H.	Physica C, Superconductivity (1995) 254,  p233-p248
78638	B m a b	(La1.95 Sr0.05) Cu O4.13	La2CuO4	Structural and superconducting properties of La2-x Sr(x) Cu O4+y (0 &lt; x &lt; 0.15) prepared by room temperature chemical oxidation	Rial, C.;  Moran, E.;  Alario-Franco, M.A.;  Amador, U.;  Andersen, N.H.	Physica C, Superconductivity (1995) 254,  p233-p248
78639	B m a b	(La1.91 Sr0.09) Cu O4.12	La2CuO4	Structural and superconducting properties of La2-x Sr(x) Cu O4+y (0 &lt; x &lt; 0.15) prepared by room temperature chemical oxidation	Rial, C.;  Moran, E.;  Alario-Franco, M.A.;  Amador, U.;  Andersen, N.H.	Physica C, Superconductivity (1995) 254,  p233-p248
78644	B m a b	(La1.95 Sr0.05) Cu O4.13	La2CuO4	Structural and superconducting properties of La2-x Sr(x) Cu O4+y (0 &lt; x &lt; 0.15) prepared by room temperature chemical oxidation	Rial, C.;  Moran, E.;  Alario-Franco, M.A.;  Amador, U.;  Andersen, N.H.	Physica C, Superconductivity (1995) 254,  p233-p248
78645	B m a b	(La1.91 Sr0.09) Cu O4.12	La2CuO4	Structural and superconducting properties of La2-x Sr(x) Cu O4+y (0 &lt; x &lt; 0.15) prepared by room temperature chemical oxidation	Rial, C.;  Moran, E.;  Alario-Franco, M.A.;  Amador, U.;  Andersen, N.H.	Physica C, Superconductivity (1995) 254,  p233-p248
78646	B m a b	(La1.88 Sr0.12) Cu O4.07	La2CuO4	Structural and superconducting properties of La2-x Sr(x) Cu O4+y (0 &lt; x &lt; 0.15) prepared by room temperature chemical oxidation	Rial, C.;  Moran, E.;  Alario-Franco, M.A.;  Amador, U.;  Andersen, N.H.	Physica C, Superconductivity (1995) 254,  p233-p248
78647	B m a b	(La1.875 Sr0.125) Cu O4.09	La2CuO4	Structural and superconducting properties of La2-x Sr(x) Cu O4+y (0 &lt; x &lt; 0.15) prepared by room temperature chemical oxidation	Rial, C.;  Moran, E.;  Alario-Franco, M.A.;  Amador, U.;  Andersen, N.H.	Physica C, Superconductivity (1995) 254,  p233-p248
78648	B m a b	(La1.86 Sr0.14) Cu O4.09	La2CuO4	Structural and superconducting properties of La2-x Sr(x) Cu O4+y (0 &lt; x &lt; 0.15) prepared by room temperature chemical oxidation	Rial, C.;  Moran, E.;  Alario-Franco, M.A.;  Amador, U.;  Andersen, N.H.	Physica C, Superconductivity (1995) 254,  p233-p248
78669	I 4/m m m	(Sr Nd) Cu O3.56	La2CuO4-x(tI13)	Structures and x-ray diffraction patterns of compounds in the Sr-Nd-Cu-O system	Wong-Ng, W.	Powder Diffraction (1995) 10, (1) p56-p66
80156	I 4/m m m	(Y0.67 Sr3.33) (Ni2 O7.32)	La2CuO4-x(tI13)	Structure and properties of the nickel(III) oxide family: Ln Sr5 Ni3 O11 (Ln= Y, Dy, Ho, Er and Tm)	James, M.;  Attfield, J.P.;  Rodriguez Carvajal, J.	Chemistry of Materials (1995) 7,  p1448-p1452
81152	A m m m	La2 (Cu O4)	La2CuO4(Cmmm)	Electronic properties of the ordered (sqrt(2) x sqrt(2)) superlattice phases La2 Cu0.5 Li0.5 O4 and La2 Au0.5 Li0.5 O4	Mattheiss, L.F.	Physica C, Superconductivity (1995) 251,  p140-p148
83073	I 4/m m m	(Sr0.8 Ba1.2) Cu O3.26	La2CuO4-x(tI13)	Observation of superconductivity (Tc=50 K) in a new alkaline-earth cuprate Sr0.8 Ba1.2 Cu O3+d, synthesised at ambient pressure	Hodges, J.P.;  Slater, P.R.;  Edwards, P.P.;  Greaves, C.;  Slaski, M.;  van Tendeloo, G.;  Amelinckx, S.	Physica C, Superconductivity (1996) 260,  p249-p256
83124	B m a b	La1.85 Sr0.15 (Cu0.8 Zn0.2) O4	La2CuO4	Structure of La1.85 Sr0.15 Cu O4 doped with Zn in high doping level	Wu, X.-S.;  Jiang, S.S.;  Xu, N.;  Pan, F.M.;  Huang, X.R.;  Ji, W.;  Mao, Z.;  Xu, G.;  Zhang, Y.	Physica C, Superconductivity (1996) 266,  p296-p302
83125	B m a b	La1.85 Sr0.15 (Cu0.7 Zn0.3) O4	La2CuO4	Structure of La1.85 Sr0.15 Cu O4 doped with Zn in high doping level	Wu, X.-S.;  Jiang, S.S.;  Xu, N.;  Pan, F.M.;  Huang, X.R.;  Ji, W.;  Mao, Z.;  Xu, G.;  Zhang, Y.	Physica C, Superconductivity (1996) 266,  p296-p302
83910	B m a b	Sm0.717 Ca1.283 (Cr O4)	La2CuO4	Structural characterization of Sm1-x Ca1+x Cr O4 (0&lt;x&lt;0.5) oxides	Romero de Paz, J.;  Fernandez, F.;  Saez-Puche, R.	Journal of Alloys and Compounds (1997) 249,  p268-p271
85253	B m a b	La2 (Cu O4)	La2CuO4	Structure and superconductivity of room temperature chemically oxidized La(2-x) Nd(x) Cu O(4+y) (0 &lt; x &lt; 0.5)	Rial, C.;  Moran, E.;  Alario-Franco, M.A.;  Amador, U.;  Andersen, N.H.	Physica C, Superconductivity (1997) 288,  p91-p104
85254	B m a b	(La1.9 Nd0.1) Cu O4	La2CuO4	Structure and superconductivity of room temperature chemically oxidized La(2-x) Nd(x) Cu O(4+y) (0 &lt; x &lt; 0.5)	Rial, C.;  Moran, E.;  Alario-Franco, M.A.;  Amador, U.;  Andersen, N.H.	Physica C, Superconductivity (1997) 288,  p91-p104
85255	B m a b	(La1.8 Nd0.2) Cu O4	La2CuO4	Structure and superconductivity of room temperature chemically oxidized La(2-x) Nd(x) Cu O(4+y) (0 &lt; x &lt; 0.5)	Rial, C.;  Moran, E.;  Alario-Franco, M.A.;  Amador, U.;  Andersen, N.H.	Physica C, Superconductivity (1997) 288,  p91-p104
85256	B m a b	(La1.7 Nd0.3) Cu O4	La2CuO4	Structure and superconductivity of room temperature chemically oxidized La(2-x) Nd(x) Cu O(4+y) (0 &lt; x &lt; 0.5)	Rial, C.;  Moran, E.;  Alario-Franco, M.A.;  Amador, U.;  Andersen, N.H.	Physica C, Superconductivity (1997) 288,  p91-p104
85257	B m a b	(La1.6 Nd0.4) Cu O4	La2CuO4	Structure and superconductivity of room temperature chemically oxidized La(2-x) Nd(x) Cu O(4+y) (0 &lt; x &lt; 0.5)	Rial, C.;  Moran, E.;  Alario-Franco, M.A.;  Amador, U.;  Andersen, N.H.	Physica C, Superconductivity (1997) 288,  p91-p104
85258	B m a b	(La1.5 Nd0.5) Cu O3.98	La2CuO4	Structure and superconductivity of room temperature chemically oxidized La(2-x) Nd(x) Cu O(4+y) (0 &lt; x &lt; 0.5)	Rial, C.;  Moran, E.;  Alario-Franco, M.A.;  Amador, U.;  Andersen, N.H.	Physica C, Superconductivity (1997) 288,  p91-p104
85259	B m a b	La2 Cu O4.095	La2CuO4	Structure and superconductivity of room temperature chemically oxidized La(2-x) Nd(x) Cu O(4+y) (0 &lt; x &lt; 0.5)	Rial, C.;  Moran, E.;  Alario-Franco, M.A.;  Amador, U.;  Andersen, N.H.	Physica C, Superconductivity (1997) 288,  p91-p104
85260	B m a b	(La1.9 Nd0.1) Cu O4.109	La2CuO4	Structure and superconductivity of room temperature chemically oxidized La(2-x) Nd(x) Cu O(4+y) (0 &lt; x &lt; 0.5)	Rial, C.;  Moran, E.;  Alario-Franco, M.A.;  Amador, U.;  Andersen, N.H.	Physica C, Superconductivity (1997) 288,  p91-p104
85261	B m a b	(La1.8 Nd0.2) Cu O4.095	La2CuO4	Structure and superconductivity of room temperature chemically oxidized La(2-x) Nd(x) Cu O(4+y) (0 &lt; x &lt; 0.5)	Rial, C.;  Moran, E.;  Alario-Franco, M.A.;  Amador, U.;  Andersen, N.H.	Physica C, Superconductivity (1997) 288,  p91-p104
85262	B m a b	(La1.7 Nd0.3) Cu O4.112	La2CuO4	Structure and superconductivity of room temperature chemically oxidized La(2-x) Nd(x) Cu O(4+y) (0 &lt; x &lt; 0.5)	Rial, C.;  Moran, E.;  Alario-Franco, M.A.;  Amador, U.;  Andersen, N.H.	Physica C, Superconductivity (1997) 288,  p91-p104
85263	B m a b	(La1.6 Nd0.4) Cu O4.093	La2CuO4	Structure and superconductivity of room temperature chemically oxidized La(2-x) Nd(x) Cu O(4+y) (0 &lt; x &lt; 0.5)	Rial, C.;  Moran, E.;  Alario-Franco, M.A.;  Amador, U.;  Andersen, N.H.	Physica C, Superconductivity (1997) 288,  p91-p104
85264	B m a b	(La1.5 Nd0.5) Cu O4.02	La2CuO4	Structure and superconductivity of room temperature chemically oxidized La(2-x) Nd(x) Cu O(4+y) (0 &lt; x &lt; 0.5)	Rial, C.;  Moran, E.;  Alario-Franco, M.A.;  Amador, U.;  Andersen, N.H.	Physica C, Superconductivity (1997) 288,  p91-p104
85267	C m c a	(La1.85 Sr0.15) (Cu0.825 S0.175) O4	La2CuO4	Substitution of (S O4)(2-) anions in La1.85 Sr0.15 Cu O4 : structure and superconductivity	Palmer, H.M.;  Greaves, C.;  Slaski, M.;  Trofimova, V.A.;  Yarmoshenko, Yu.M.;  Kurmaev, E.Z.	Physica C, Superconductivity (1997) 291,  p104-p112
85268	C m c a	(La1.85 Sr0.15) Cu0.83 (S O4)0.17 O3.32	La2CuO4	Substitution of (S O4)(2-) anions in La1.85 Sr0.15 Cu O4 : structure and superconductivity	Palmer, H.M.;  Greaves, C.;  Slaski, M.;  Trofimova, V.A.;  Yarmoshenko, Yu.M.;  Kurmaev, E.Z.	Physica C, Superconductivity (1997) 291,  p104-p112
81852	B m a b	Sr2 (Sn O4)	La2CuO4	Structural properties of A2 Sn O4 (A = Ba, Sr). A neutron diffraction study	Green, M.A.;  Prassides, K.;  Day, P.;  Stalick, J.K.	Journal of the Chemical Society. Faraday Transactions (1996) 92, (12) p2155-p2159
85675	C m c a	Nd Ca Ga O4	La2CuO4	Synthesis and crystal structure of Nd Ca Ga O4	Vasylechko, L.O.;  Aksel&#39;rud, L.G.;  Savytskii, D.;  Syvobotka, I.;  Matkovskii, A.O.	Crystal Research and Technology (1998) 33, (5) p841-p846
202954	A b m a	La2 Cu0.9 Li0.1 O3.97	La2CuO4	Preparation and Crystal Structures of La2 Cu1-x Lix O4 Solid Solutions and Evidence for a New Oxide with a defect K2 Ni F4 Structure: La4 Li2 O7	Attfield, J.P.;  Ferey, G.	Journal of Solid State Chemistry (1989) 80,  p112-p119
202955	A b m a	La2 Cu0.85 Li0.15 O3.97	La2CuO4	Preparation and Crystal Structures of La2 Cu1-x Lix O4 Solid Solutions and Evidence for a New Oxide with a defect K2 Ni F4 Structure: La4 Li2 O7	Attfield, J.P.;  Ferey, G.	Journal of Solid State Chemistry (1989) 80,  p112-p119
202956	A b m a	La2 Cu0.75 Li0.25 O3.98	La2CuO4	Preparation and Crystal Structures of La2 Cu1-x Lix O4 Solid Solutions and Evidence for a New Oxide with a defect K2 Ni F4 Structure: La4 Li2 O7	Attfield, J.P.;  Ferey, G.	Journal of Solid State Chemistry (1989) 80,  p112-p119
202957	A m m m	La2 Cu0.54 Li0.46 O4	La2CuO4(Cmmm)	Preparation and Crystal Structures of La2 Cu1-x Lix O4 Solid Solutions and Evidence for a New Oxide with a defect K2 Ni F4 Structure: La4 Li2 O7	Attfield, J.P.;  Ferey, G.	Journal of Solid State Chemistry (1989) 80,  p112-p119
202958	A m m m	La2 Cu0.5 Li0.5 O4	La2CuO4(Cmmm)	Preparation and Crystal Structures of La2 Cu1-x Lix O4 Solid Solutions and Evidence for a New Oxide with a defect K2 Ni F4 Structure: La4 Li2 O7	Attfield, J.P.;  Ferey, G.	Journal of Solid State Chemistry (1989) 80,  p112-p119
203070	A b m a	La1.5 Sr0.5 Cu0.75 Pt0.25 O4	La2CuO4	Zur Kenntnis von La1.5 Sr0.5 Cu0.75 Pt0.25 O4 mit einem Beitrag ueber La1.87 Sr0.13 Cu O4	Mueller Buschbaum, H.;  Teichert, A.	Journal of the Less-Common Metals (1989) 155,  p9-p14
203071	A b m a	La1.87 Sr0.13 Cu O4	La2CuO4	Zur Kenntnis von La1.5 Sr0.5 Cu0.75 Pt0.25 O4 mit einem Beitrag ueber La1.87 Sr0.13 Cu O4	Mueller Buschbaum, H.;  Teichert, A.	Journal of the Less-Common Metals (1989) 155,  p9-p14
202492	I 4/m m m	La1.85 Sr.15 Cu O3.6	La2CuO4-x(tI13)	Temperature dependence of the crystal structure of the ceramic superconductor La1.85 Sr.15 Cu O4: a powder neutron diffraction study	Day, P.;  Rosseinsky, M.J.;  Prassides, K.;  David, W.I.F.;  Moze, O.;  Soper, A.	Journal of Physics C (1987) 20,  p429-p434
50635	B m a b	Pr Ca (Cr O4)	La2CuO4	Crystal and magnetic structure of Pr Ca Cr O4	Romero de Paz, J.;  Fernandez Diaz, M.T.;  Hernandez Velasco, J.;  Saez-Puche, R.;  Martinez, J.L.	Journal of Solid State Chemistry (1999) 142,  p29-p32
50636	B m a b	Pr Ca (Cr O4)	La2CuO4	Crystal and magnetic structure of Pr Ca Cr O4	Romero de Paz, J.;  Fernandez Diaz, M.T.;  Hernandez-Velasco, J.;  Saez-Puche, R.;  Martinez, J.L.	Journal of Solid State Chemistry (1999) 142,  p29-p32
86754	C m c a	Nd2 Cu O4	La2CuO4	Influence of pressure on the crystal structure of Nd2 Cu O4	Wilhelm, H.;  Cros, C.;  Reny, E.;  Demazeau, G.;  Hanfland, M.	Journal of Materials Chemistry (1998) 8,  p2729-p2732
86965	B m a b	(La1.97 Ca0.03) Cu O4	La2CuO4	Effects of extra oxygen on the structure and superconductivity of La2-x Cax Cu O4+y prepared by chemical oxidation	Rial, C.;  Moran, E.;  Alario-Franco, M.A.;  Amador, U.;  Martinez, J.L.;  Rodriguez Carvajal, J.;  Andersen, N.H.	Physica C, Superconductivity (1998) 297,  p277-p293
86966	B m a b	(La1.95 Ca0.05) Cu O4	La2CuO4	Effects of extra oxygen on the structure and superconductivity of La2-x Cax Cu O4+y prepared by chemical oxidation	Rial, C.;  Moran, E.;  Alario-Franco, M.A.;  Amador, U.;  Martinez, J.L.;  Rodriguez Carvajal, J.;  Andersen, N.H.	Physica C, Superconductivity (1998) 297,  p277-p293
86967	B m a b	(La1.92 Ca0.08) Cu O4	La2CuO4	Effects of extra oxygen on the structure and superconductivity of La2-x Cax Cu O4+y prepared by chemical oxidation	Rial, C.;  Moran, E.;  Alario-Franco, M.A.;  Amador, U.;  Martinez, J.L.;  Rodriguez Carvajal, J.;  Andersen, N.H.	Physica C, Superconductivity (1998) 297,  p277-p293
86968	B m a b	(La1.9 Ca0.1) Cu O4	La2CuO4	Effects of extra oxygen on the structure and superconductivity of La2-x Cax Cu O4+y prepared by chemical oxidation	Rial, C.;  Moran, E.;  Alario-Franco, M.A.;  Amador, U.;  Martinez, J.L.;  Rodriguez Carvajal, J.;  Andersen, N.H.	Physica C, Superconductivity (1998) 297,  p277-p293
86970	B m a b	(La1.97 Ca0.03) Cu O4	La2CuO4	Effects of extra oxygen on the structure and superconductivity of La2-x Cax Cu O4+y prepared by chemical oxidation	Rial, C.;  Moran, E.;  Alario-Franco, M.A.;  Amador, U.;  Martinez, J.L.;  Rodriguez Carvajal, J.;  Andersen, N.H.	Physica C, Superconductivity (1998) 297,  p277-p293
86971	B m a b	(La1.95 Ca0.05) Cu O4	La2CuO4	Effects of extra oxygen on the structure and superconductivity of La2-x Cax Cu O4+y prepared by chemical oxidation	Rial, C.;  Moran, E.;  Alario-Franco, M.A.;  Amador, U.;  Martinez, J.L.;  Rodriguez Carvajal, J.;  Andersen, N.H.	Physica C, Superconductivity (1998) 297,  p277-p293
86972	B m a b	(La1.92 Ca0.08) Cu O4	La2CuO4	Effects of extra oxygen on the structure and superconductivity of La2-x Cax Cu O4+y prepared by chemical oxidation	Rial, C.;  Moran, E.;  Alario-Franco, M.A.;  Amador, U.;  Martinez, J.L.;  Rodriguez Carvajal, J.;  Andersen, N.H.	Physica C, Superconductivity (1998) 297,  p277-p293
86973	B m a b	(La1.9 Ca0.1) Cu O4	La2CuO4	Effects of extra oxygen on the structure and superconductivity of La2-x Cax Cu O4+y prepared by chemical oxidation	Rial, C.;  Moran, E.;  Alario-Franco, M.A.;  Amador, U.;  Martinez, J.L.;  Rodriguez Carvajal, J.;  Andersen, N.H.	Physica C, Superconductivity (1998) 297,  p277-p293
86974	B m a b	(La1.88 Ca0.12) Cu O4	La2CuO4	Effects of extra oxygen on the structure and superconductivity of La2-x Cax Cu O4+y prepared by chemical oxidation	Rial, C.;  Moran, E.;  Alario-Franco, M.A.;  Amador, U.;  Martinez, J.L.;  Rodriguez Carvajal, J.;  Andersen, N.H.	Physica C, Superconductivity (1998) 297,  p277-p293
86975	B m a b	(La1.97 Ca0.03) Cu O4.091	La2CuO4	Effects of extra oxygen on the structure and superconductivity of La2-x Cax Cu O4+y prepared by chemical oxidation	Rial, C.;  Moran, E.;  Alario-Franco, M.A.;  Amador, U.;  Martinez, J.L.;  Rodriguez Carvajal, J.;  Andersen, N.H.	Physica C, Superconductivity (1998) 297,  p277-p293
86977	B m a b	(La1.92 Ca0.08) Cu O4.079	La2CuO4	Effects of extra oxygen on the structure and superconductivity of La2-x Cax Cu O4+y prepared by chemical oxidation	Rial, C.;  Moran, E.;  Alario-Franco, M.A.;  Amador, U.;  Martinez, J.L.;  Rodriguez Carvajal, J.;  Andersen, N.H.	Physica C, Superconductivity (1998) 297,  p277-p293
86978	B m a b	(La1.9 Ca0.1) Cu O4.058	La2CuO4	Effects of extra oxygen on the structure and superconductivity of La2-x Cax Cu O4+y prepared by chemical oxidation	Rial, C.;  Moran, E.;  Alario-Franco, M.A.;  Amador, U.;  Martinez, J.L.;  Rodriguez Carvajal, J.;  Andersen, N.H.	Physica C, Superconductivity (1998) 297,  p277-p293
86980	B m a b	(La1.97 Ca0.03) Cu O4.12	La2CuO4	Effects of extra oxygen on the structure and superconductivity of La2-x Cax Cu O4+y prepared by chemical oxidation	Rial, C.;  Moran, E.;  Alario-Franco, M.A.;  Amador, U.;  Martinez, J.L.;  Rodriguez Carvajal, J.;  Andersen, N.H.	Physica C, Superconductivity (1998) 297,  p277-p293
86981	B m a b	(La1.95 Ca0.05) Cu O4.1	La2CuO4	Effects of extra oxygen on the structure and superconductivity of La2-x Cax Cu O4+y prepared by chemical oxidation	Rial, C.;  Moran, E.;  Alario-Franco, M.A.;  Amador, U.;  Martinez, J.L.;  Rodriguez Carvajal, J.;  Andersen, N.H.	Physica C, Superconductivity (1998) 297,  p277-p293
86982	B m a b	(La1.92 Ca0.08) Cu O4.07	La2CuO4	Effects of extra oxygen on the structure and superconductivity of La2-x Cax Cu O4+y prepared by chemical oxidation	Rial, C.;  Moran, E.;  Alario-Franco, M.A.;  Amador, U.;  Martinez, J.L.;  Rodriguez Carvajal, J.;  Andersen, N.H.	Physica C, Superconductivity (1998) 297,  p277-p293
86983	B m a b	(La1.9 Ca0.1) Cu O4.05	La2CuO4	Effects of extra oxygen on the structure and superconductivity of La2-x Cax Cu O4+y prepared by chemical oxidation	Rial, C.;  Moran, E.;  Alario-Franco, M.A.;  Amador, U.;  Martinez, J.L.;  Rodriguez Carvajal, J.;  Andersen, N.H.	Physica C, Superconductivity (1998) 297,  p277-p293
86984	B m a b	(La1.88 Ca0.12) Cu O4.05	La2CuO4	Effects of extra oxygen on the structure and superconductivity of La2-x Cax Cu O4+y prepared by chemical oxidation	Rial, C.;  Moran, E.;  Alario-Franco, M.A.;  Amador, U.;  Martinez, J.L.;  Rodriguez Carvajal, J.;  Andersen, N.H.	Physica C, Superconductivity (1998) 297,  p277-p293
50835	A m m m	(La1.84 Sr0.16) (Li0.5 Co0.5) O4	La2CuO4(Cmmm)	The ordered K2 Ni F4-type structure of mixed crystals La(2-x) Sr(x)Li(1/2) Co(1/2) O4 (x&lt;0.5) and the electronic properties of the constituting Co(III) and Co(IV) ions	Warda, S.A.;  Massa, W.;  Reinen, D.;  Zhiwei, Hu.;  Kaindl, G.;  de Groot, F.M.F.	Journal of Solid State Chemistry (1999) 146,  p79-p87
50951	A m m m	La2 Li0.5 Ni0.5 O4	La2CuO4(Cmmm)	Ordered K2 Ni F4 structure of the solids La2 Li1/2 M1/2 O4 (M(III) = Co, Ni, Cu) and the bonding poperties of the M O6 polyhedra in various compounds of this type	Abou-Warda, S.;  Pietzuch, W.;  Berghoefer, G.;  Kesper, U.;  Massa, W.;  Reinen, D.	Journal of Solid State Chemistry (1998) 138,  p18-p31
50952	A m m m	La2 Li0.5 Co0.5 O4	La2CuO4(Cmmm)	Ordered K2 Ni F4 structure of the solids La2 Li1/2 M1/2 O4 (M(III) = Co, Ni, Cu) and the bonding poperties of the M O6 polyhedra in various compounds of this type	Abou-Warda, S.;  Pietzuch, W.;  Berghoefer, G.;  Kesper, U.;  Massa, W.;  Reinen, D.	Journal of Solid State Chemistry (1998) 138,  p18-p31
50953	A m m m	La2 Li0.5 Co0.5 O4	La2CuO4(Cmmm)	Ordered K2 Ni F4 structure of the solids La2 Li1/2 M1/2 O4 (M(III) = Co, Ni, Cu) and the bonding properties of the M O6 polyhedra in various compounds of this type	Abou-Warda, S.;  Pietzuch, W.;  Berghoefer, G.;  Kesper, U.;  Massa, W.;  Reinen, D.	Journal of Solid State Chemistry (1998) 138,  p18-p31
87969	C m c a	La2 (Cu O4)	La2CuO4	Structural properties and chemical homogeneity of underdoped La2-x Mx Cu O4 cuprates (M= Sr, Ba)	Ferretti, M.;  Magnone, E.;  Napoletano, M.	Int. J. Mod. Phys. (1999) 13, (9) p979-p984
87970	C m c a	(La1.982 Sr0.018) Cu O4	La2CuO4	Structural properties and chemical homogeneity of underdoped La2-x Mx Cu O4 cuprates (M = Sr, Ba)	Ferretti, M.;  Magnone, E.;  Napoletano, M.	Int. J. Mod. Phys. (1999) 13, (9) p979-p984
87971	C m c a	(La1.96 Sr0.04) Cu O4	La2CuO4	Structural properties and chemical homogeneity of underdoped La2-x Mx Cu O4 cuprates (M = Sr, Ba)	Ferretti, M.;  Magnone, E.;  Napoletano, M.	Int. J. Mod. Phys. (1999) 13, (9) p979-p984
87972	C m c a	(La1.936 Sr0.064) Cu O4	La2CuO4	Structural properties and chemical homogeneity of underdoped La2-x Mx Cu O4 cuprates (M = Sr, Ba)	Ferretti, M.;  Magnone, E.;  Napoletano, M.	Int. J. Mod. Phys. (1999) 13, (9) p979-p984
87974	C m c a	(La1.978 Sr0.022) Cu O4	La2CuO4	Structural properties and chemical homogeneity of underdoped La2-x Mx Cu O4 cuprates (M = Sr, Ba)	Ferretti, M.;  Magnone, E.;  Napoletano, M.	Int. J. Mod. Phys. (1999) 13, (9) p979-p984
87975	C m c a	(La1.965 Sr0.035) Cu O4	La2CuO4	Structural properties and chemical homogeneity of underdoped La2-x Mx Cu O4 cuprates (M = Sr, Ba)	Ferretti, M.;  Magnone, E.;  Napoletano, M.	Int. J. Mod. Phys. (1999) 13, (9) p979-p984
87976	C m c a	(La1.913 Sr0.087) Cu O4	La2CuO4	Structural properties and chemical homogeneity of underdoped La2-x Mx Cu O4 cuprates (M = Sr, Ba)	Ferretti, M.;  Magnone, E.;  Napoletano, M.	Int. J. Mod. Phys. (1999) 13, (9) p979-p984
88839	B m a b	Nd Ca Cr O4	La2CuO4	Structural and magnetic characterization of Nd Ca Cr O4 oxide	Romero de Paz, J.;  Hernandez Velasco, M.T.;  Fernandez Diaz, M.T.;  Porcher, P.;  Martinez, J.L.;  Saez-Puche, R.	Journal of Solid State Chemistry (1999) 148,  p361-p369
89173	C m c a	La2 (Cu O4)	La2CuO4	Skeletal infrared spectra and structural properties of La2-x Srx Cu O4 and La2-x Bax Cu O4 cuprate powders in the 0 &lt; x &lt; 0.125 region	Napoletano, M.;  Gallardo Amores, J.M.;  Magnone, E.;  Busca, G.;  Ferretti, M.	Physica C, Superconductivity (1999) 319,  p229-p237
89174	C m c a	(La1.982 Sr0.018) (Cu O4)	La2CuO4	Skeletal infrared spectra and structural properties of La2-x Srx Cu O4 and La2-x Bax Cu O4 cuprate powders in the 0 &lt; x &lt; 0.125 region	Napoletano, M.;  Gallardo Amores, J.M.;  Magnone, E.;  Busca, G.;  Ferretti, M.	Physica C, Superconductivity (1999) 319,  p229-p237
89175	C m c a	(La1.96 Sr0.04) (Cu O4)	La2CuO4	Skeletal infrared spectra and structural properties of La2-x Srx Cu O4 and La2-x Bax Cu O4 cuprate powders in the 0 &lt; x &lt; 0.125 region	Napoletano, M.;  Gallardo Amores, J.M.;  Magnone, E.;  Busca, G.;  Ferretti, M.	Physica C, Superconductivity (1999) 319,  p229-p237
89178	C m c a	(La1.978 Sr0.022) (Cu O4)	La2CuO4	Skeletal infrared spectra and structural properties of La2-x Srx Cu O4 and La2-x Bax Cu O4 cuprate powders in the 0 &lt; x &lt; 0.125 region	Napoletano, M.;  Gallardo Amores, J.M.;  Magnone, E.;  Busca, G.;  Ferretti, M.	Physica C, Superconductivity (1999) 319,  p229-p237
90708	B m a b	(La1.84 Sr0.15) (Cu0.84 Zn0.16) O3.96	La2CuO4	Structural features of La1.85 Sr0.15 Cu O4 as influenced by substitution of Zn: neutron diffraction studies	Ganguly, R.;  Rajagopal, H.;  Sequeira, A.;  Yakhmi, J.V.	Journal of Superconductivity (2000) 13,  p163-p170
90709	B m a b	(La1.82 Sr0.15) (Cu0.59 Zn0.41) O3.96	La2CuO4	Structural features of La1.85 Sr0.15 Cu O4 as influenced by substitution of Zn: neutron diffraction studies	Ganguly, R.;  Rajagopal, H.;  Sequeira, A.;  Yakhmi, J.V.	Journal of Superconductivity (2000) 13,  p163-p170
91070	C m c a	(La Nd) Cu O4	La2CuO4	Pressure-induced structural phase transitions in Ln2-x Ndx Cu O4 for Ln= La (0.6&lt; x&lt;2) and Ln= Pr (x= 0)	Wilhelm, H.;  Cros, C.;  Reny, E.;  Demazeau, G.;  Hanfland, M.	Journal of Solid State Chemistry (2000) 151,  p231-p240
91073	C m c a	Pr2 Cu O4	La2CuO4	Pressure-induced structural phase transitions in Ln2-x Ndx Cu O4 for Ln= La (0.6&lt; x&lt;2) and Ln= Pr (x= 0)	Wilhelm, H.;  Cros, C.;  Reny, E.;  Demazeau, G.;  Hanfland, M.	Journal of Solid State Chemistry (2000) 151,  p231-p240
92376	B m a b	(La1.85 Sr0.15) (Cu0.8 Zn0.2) O4	La2CuO4	Microstructure of Zn, Ni, Mg doped La1.85 Sr0.15 Cu O4 in high doping level	Wang, F.Z.;  Wu, X.-S.;  Jiang, S.S.	Wu Li Hsueh Pao (= Acta Physica Sinica) (2000) 49, (8) p1541-p1544
92377	B m a b	(La1.85 Sr0.15) (Cu0.7 Zn0.3) O4	La2CuO4	Microstructure of Zn, Ni, Mg doped La1.85 Sr0.15 Cu O4 in high doping level	Wang, F.Z.;  Wu, X.-S.;  Jiang, S.S.	Wu Li Hsueh Pao (= Acta Physica Sinica) (2000) 49, (8) p1541-p1544
41499	A b m a	La2 (Cu O4)	La2CuO4	Role of bonding, reduced screening, and structure in the hightemperature superconductors	Falter, C.;  Klenner, M.;  Chen, Q.	Physical Review, Serie 3. B - Condensed Matter (18,1978-) (1993) 48,  p16690-p16706
56318	B m a b	La2 (Ni O4)	La2CuO4	Modelling the structures of La Ni O4	Brown, I.D.	Zeitschrift fuer Kristallographie (1979-2010) (1992) 201,  p255-p272
56525	B m a b	(La1.8 Sr0.2) Ni O4	La2CuO4	Magnetic and structural study of La1.8 Sr0.2) Ni O4	Lander, G.H.;  Brown, P.J.;  Stassis, C.;  Gopalan, P.;  Spalek, J.;  Honig, G.	Physical Review, Serie 3. B - Condensed Matter (18,1978-) (1991) 43,  p448-p456
56526	B m a b	(La1.7 Sr0.3) Cu O4	La2CuO4	Magnetic and structural study of La1.8 Sr0.2) Ni O4	Lander, G.H.;  Brown, P.J.;  Stassis, C.;  Gopalan, P.;  Spalek, J.;  Honig, G.	Physical Review, Serie 3. B - Condensed Matter (18,1978-) (1991) 43,  p448-p456
56527	B m a b	(La1.85 Sr0.15) Cu O4	La2CuO4	Magnetic and structural study of La1.8 Sr0.2) Ni O4	Lander, G.H.;  Brown, P.J.;  Stassis, C.;  Gopalan, P.;  Spalek, J.;  Honig, G.	Physical Review, Serie 3. B - Condensed Matter (18,1978-) (1991) 43,  p448-p456
56528	B m a b	La2 Cu O4	La2CuO4	Magnetic and structural study of La1.8 Sr0.2) Ni O4	Lander, G.H.;  Brown, P.J.;  Stassis, C.;  Gopalan, P.;  Spalek, J.;  Honig, G.	Physical Review, Serie 3. B - Condensed Matter (18,1978-) (1991) 43,  p448-p456
96718	C m c a	La2 Ni O3.92	La2CuO4	Neutron diffraction, synchrotron radiation and EXAFS spectroscopy study of crystal structure peculiarities of the lanthanum nickelates Lan+1 Nin Oy (n = 1, 2, 3)	Voronin, V.I.;  Berger, I.F.;  Cherepanov, V.A.;  Gavrilova, L.Ya.;  Petrov, A.N.;  Ancharov, A.I.;  Tolochko, B.P.;  Nikitenko, S.G.	Nuclear Instruments &amp; Methods in Physics Research A (2001) 470,  p202-p209
97209	A b m a	(La0.925 Sr0.075)2 Cu O4	La2CuO4	Cation size control of structure, structural fluctuations and superconductivity in L1.85 M0.15 Cu O4	McAllister, J.;  Attfield, J.P.	Physical Review, Serie 3. B - Condensed Matter (18,1978-) (2002) 66,  p014514-1-p014514-10
97210	A b m a	(La0.925 Sr0.060 Ca0.008 Ba0.007)2 Cu O4	La2CuO4	Cation size control of structure, structural fluctuations and superconductivity in L1.85 M0.15 Cu O4	McAllister, J.;  Attfield, J.P.	Physical Review, Serie 3. B - Condensed Matter (18,1978-) (2002) 66,  p014514-1-p014514-10
97211	A b m a	(La0.925 Sr0.045 Ca0.017 Ba0.013)2 Cu O4	La2CuO4	Cation size control of structure, structural fluctuations and superconductivity in L1.85 M0.15 Cu O4	McAllister, J.;  Attfield, J.P.	Physical Review, Serie 3. B - Condensed Matter (18,1978-) (2002) 66,  p014514-1-p014514-10
97212	A b m a	(La0.925 Sr0.03 Ca0.025 Ba0.02)2 Cu O4	La2CuO4	Cation size control of structure, structural fluctuations and superconductivity in L1.85 M0.15 Cu O4	McAllister, J.;  Attfield, J.P.	Physical Review, Serie 3. B - Condensed Matter (18,1978-) (2002) 66,  p014514-1-p014514-10
97213	A b m a	(La0.925 Sr0.008 Ca0.037 Ba0.03)2 Cu O4	La2CuO4	Cation size control of structure, structural fluctuations and superconductivity in L1.85 M0.15 Cu O4	McAllister, J.;  Attfield, J.P.	Physical Review, Serie 3. B - Condensed Matter (18,1978-) (2002) 66,  p014514-1-p014514-10
97214	A b m a	(La0.9 Nd0.025 Ca0.037 Ba0.038)2 Cu O4	La2CuO4	Cation size control of structure, structural fluctuations and superconductivity in L1.85 M0.15 Cu O4	McAllister, J.;  Attfield, J.P.	Physical Review, Serie 3. B - Condensed Matter (18,1978-) (2002) 66,  p014514-1-p014514-10
97215	A b m a	(La0.875 Nd0.05 Ca0.032 Ba0.043)2 Cu O4	La2CuO4	Cation size control of structure, structural fluctuations and superconductivity in L1.85 M0.15 Cu O4	McAllister, J.;  Attfield, J.P.	Physical Review, Serie 3. B - Condensed Matter (18,1978-) (2002) 66,  p014514-1-p014514-10
97216	P c c n	(La0.875 Nd0.05 Ca0.032 Ba0.043)2 Cu O4	La2CuO4(oP28)	Cation size control of structure, structural fluctuations and superconductivity in L1.85 M0.15 Cu O4	McAllister, J.;  Attfield, J.P.	Physical Review, Serie 3. B - Condensed Matter (18,1978-) (2002) 66,  p014514-1-p014514-10
97217	P c c n	(La0.85 Nd0.075 Ca0.028 Ba0.047)2 Cu O4	La2CuO4(oP28)	Cation size control of structure, structural fluctuations and superconductivity in L1.85 M0.15 Cu O4	McAllister, J.;  Attfield, J.P.	Physical Review, Serie 3. B - Condensed Matter (18,1978-) (2002) 66,  p014514-1-p014514-10
97219	P c c n	(La0.925 Sr0.019 Ba0.056)2 Cu O4	La2CuO4(oP28)	Cation size control of structure, structural fluctuations and superconductivity in L1.85 M0.15 Cu O4	McAllister, J.;  Attfield, J.P.	Physical Review, Serie 3. B - Condensed Matter (18,1978-) (2002) 66,  p014514-1-p014514-10
97220	P c c n	(La0.921 Nd0.004 Sr0.018 Ba0.057)2 Cu O4	La2CuO4(oP28)	Cation size control of structure, structural fluctuations and superconductivity in L1.85 M0.15 Cu O4	McAllister, J.;  Attfield, J.P.	Physical Review, Serie 3. B - Condensed Matter (18,1978-) (2002) 66,  p014514-1-p014514-10
97221	P c c n	(La0.906 Nd0.019 Sr0.013 Ba0.062)2 Cu O4	La2CuO4(oP28)	Cation size control of structure, structural fluctuations and superconductivity in L1.85 M0.15 Cu O4	McAllister, J.;  Attfield, J.P.	Physical Review, Serie 3. B - Condensed Matter (18,1978-) (2002) 66,  p014514-1-p014514-10
97222	P c c n	(La0.888 Nd0.037 Sr0.007 Ba0.068)2 Cu O4	La2CuO4(oP28)	Cation size control of structure, structural fluctuations and superconductivity in L1.85 M0.15 Cu O4	McAllister, J.;  Attfield, J.P.	Physical Review, Serie 3. B - Condensed Matter (18,1978-) (2002) 66,  p014514-1-p014514-10
97223	P c c n	(La0.868 Nd0.058 Ba0.075)2 Cu O4	La2CuO4(oP28)	Cation size control of structure, structural fluctuations and superconductivity in L1.85 M0.15 Cu O4	McAllister, J.;  Attfield, J.P.	Physical Review, Serie 3. B - Condensed Matter (18,1978-) (2002) 66,  p014514-1-p014514-10
97499	I 4/m m m	(La0.4 Sr0.6)2 Fe O3.714	La2CuO4-x(tI13)	Structural properties of Lax Sr2-x Fe O4+d at high temperature and under reducing conditions	Jennings, A.J.;  Skinner, S.J.;  Helgason, O.	Journal of Solid State Chemistry (2003) 175,  p207-p217
99378	P c c n	Pr2 Ca2 (Mn Ni O8)	La2CuO4(oP28)	Crystal structure and magnetism of layered Ln2 Ca2 Mn Ni O8 (Ln = Pr, Nd, Sm and Gd) compounds	Han Duk-Kyun;  Kim Sang-Hwan;  Hong Kun-Pyo;  Kwon Young-Uk;  Kim Sung-Hyun;  Lee Jeong-Soo	Journal of Solid State Chemistry (2004) 177,  p1078-p1086
99379	P c c n	Nd2 Ca2 (Mn Ni O8)	La2CuO4(oP28)	Crystal structure and magnetism of layered Ln2 Ca2 Mn Ni O8 (Ln = Pr, Nd, Sm and Gd) compounds	Han Duk-Kyun;  Kim Sang-Hwan;  Hong Kun-Pyo;  Kwon Young-Uk;  Kim Sung-Hyun;  Lee Jeong-Soo	Journal of Solid State Chemistry (2004) 177,  p1078-p1086
99380	P c c n	Sm2 Ca2 (Mn Ni O8)	La2CuO4(oP28)	Crystal structure and magnetism of layered Ln2 Ca2 Mn Ni O8 (Ln = Pr, Nd, Sm and Gd) compounds	Han Duk-Kyun;  Kim Sang-Hwan;  Hong Kun-Pyo;  Kwon Young-Uk;  Kim Sung-Hyun;  Lee Jeong-Soo	Journal of Solid State Chemistry (2004) 177,  p1078-p1086
99381	P c c n	Gd2 Ca2 (Mn Ni O8)	La2CuO4(oP28)	Crystal structure and magnetism of layered Ln2 Ca2 Mn Ni O8 (Ln = Pr, Nd, Sm and Gd) compounds	Han Duk-Kyun;  Kim Sang-Hwan;  Hong Kun-Pyo;  Kwon Young-Uk;  Kim Sung-Hyun;  Lee Jeong-Soo	Journal of Solid State Chemistry (2004) 177,  p1078-p1086
99648	I 4/m m m	(La0.09 Sr1.91) ((Fe0.62 Ru0.38) O3.75)	La2CuO4-x(tI13)	Lax Sr2-x Fey Ru1-y O4+d: a new family of K2 Ni F4 type oxides	Jennings, A.J.;  Skinner, S.J.;  Helgason, O.	Journal of Solid State Chemistry (2004) 177,  p45-p54
59757	P c c n	Sr2 (Sn O4)	La2CuO4(oP28)	High-resolution neutron powder diffraction study on the structure of Sr2 Sn O4	Fu, W.T.;  Visser, D.;  Ijdo, D.J.W.	Journal of Solid State Chemistry (2002) 169,  p208-p213
59758	P c c n	Sr2 (Sn O4)	La2CuO4(oP28)	High-resolution neutron powder diffraction study on the structure of Sr2 Sn O4	Fu, W.T.;  Visser, D.;  Ijdo, D.J.W.	Journal of Solid State Chemistry (2002) 169,  p208-p213
59759	P c c n	Sr2 (Sn O4)	La2CuO4(oP28)	High-resolution neutron powder diffraction study on the structure of Sr2 Sn O4	Fu, W.T.;  Visser, D.;  Ijdo, D.J.W.	Journal of Solid State Chemistry (2002) 169,  p208-p213
59760	P c c n	Sr2 (Sn O4)	La2CuO4(oP28)	High-resolution neutron powder diffraction study on the structure of Sr2 Sn O4	Fu, W.T.;  Visser, D.;  Ijdo, D.J.W.	Journal of Solid State Chemistry (2002) 169,  p208-p213
172917	A b m a	(La Sr) Sc O4	La2CuO4	Ln Sr Sc O4 (Ln = La, Ce, Pr, Nd and Sm) systems and structure correlations for A2 B O4 (K2 Ni F4) structure types	Patel, R.;  Simon, C.;  Weller, M.T.	Journal of Solid State Chemistry (2007) 180, (1) p349-p359
172918	A b m a	(La Sr) Sc O4	La2CuO4	Ln Sr Sc O4 (Ln = La, Ce, Pr, Nd and Sm) systems and structure correlations for A2 B O4 (K2 Ni F4) structure types	Patel, R.;  Simon, C.;  Weller, M.T.	Journal of Solid State Chemistry (2007) 180, (1) p349-p359
172919	A b m a	(La Sr) Sc O4	La2CuO4	Ln Sr Sc O4 (Ln = La, Ce, Pr, Nd and Sm) systems and structure correlations for A2 B O4 (K2 Ni F4) structure types	Patel, R.;  Simon, C.;  Weller, M.T.	Journal of Solid State Chemistry (2007) 180, (1) p349-p359
172920	A b m a	(La Sr) Sc O4	La2CuO4	Ln Sr Sc O4 (Ln = La, Ce, Pr, Nd and Sm) systems and structure correlations for A2 B O4 (K2 Ni F4) structure types	Patel, R.;  Simon, C.;  Weller, M.T.	Journal of Solid State Chemistry (2007) 180, (1) p349-p359
172921	A b m a	(La Sr) Sc O4	La2CuO4	Ln Sr Sc O4 (Ln = La, Ce, Pr, Nd and Sm) systems and structure correlations for A2 B O4 (K2 Ni F4) structure types	Patel, R.;  Simon, C.;  Weller, M.T.	Journal of Solid State Chemistry (2007) 180, (1) p349-p359
172922	A b m a	(La Sr) Sc O4	La2CuO4	Ln Sr Sc O4 (Ln = La, Ce, Pr, Nd and Sm) systems and structure correlations for A2 B O4 (K2 Ni F4) structure types	Patel, R.;  Simon, C.;  Weller, M.T.	Journal of Solid State Chemistry (2007) 180, (1) p349-p359
172923	A b m a	(La Sr) Sc O4	La2CuO4	Ln Sr Sc O4 (Ln = La, Ce, Pr, Nd and Sm) systems and structure correlations for A2 B O4 (K2 Ni F4) structure types	Patel, R.;  Simon, C.;  Weller, M.T.	Journal of Solid State Chemistry (2007) 180, (1) p349-p359
172924	A b m a	(La Sr) Sc O4	La2CuO4	Ln Sr Sc O4 (Ln = La, Ce, Pr, Nd and Sm) systems and structure correlations for A2 B O4 (K2 Ni F4) structure types	Patel, R.;  Simon, C.;  Weller, M.T.	Journal of Solid State Chemistry (2007) 180, (1) p349-p359
172925	A b m a	(La Sr) Sc O4	La2CuO4	Ln Sr Sc O4 (Ln = La, Ce, Pr, Nd and Sm) systems and structure correlations for A2 B O4 (K2 Ni F4) structure types	Patel, R.;  Simon, C.;  Weller, M.T.	Journal of Solid State Chemistry (2007) 180, (1) p349-p359
172926	A b m a	(La Sr) Sc O4	La2CuO4	Ln Sr Sc O4 (Ln = La, Ce, Pr, Nd and Sm) systems and structure correlations for A2 B O4 (K2 Ni F4) structure types	Patel, R.;  Simon, C.;  Weller, M.T.	Journal of Solid State Chemistry (2007) 180, (1) p349-p359
172929	A b m a	(Ce Sr) Sc O4	La2CuO4	Ln Sr Sc O4 (Ln = La, Ce, Pr, Nd and Sm) systems and structure correlations for A2 B O4 (K2 Ni F4) structure types	Patel, R.;  Simon, C.;  Weller, M.T.	Journal of Solid State Chemistry (2007) 180, (1) p349-p359
172930	A b m a	(Ce Sr) Sc O4	La2CuO4	Ln Sr Sc O4 (Ln = La, Ce, Pr, Nd and Sm) systems and structure correlations for A2 B O4 (K2 Ni F4) structure types	Patel, R.;  Simon, C.;  Weller, M.T.	Journal of Solid State Chemistry (2007) 180, (1) p349-p359
172931	A b m a	(Ce Sr) Sc O4	La2CuO4	Ln Sr Sc O4 (Ln = La, Ce, Pr, Nd and Sm) systems and structure correlations for A2 B O4 (K2 Ni F4) structure types	Patel, R.;  Simon, C.;  Weller, M.T.	Journal of Solid State Chemistry (2007) 180, (1) p349-p359
172932	A b m a	(Ce Sr) Sc O4	La2CuO4	Ln Sr Sc O4 (Ln = La, Ce, Pr, Nd and Sm) systems and structure correlations for A2 B O4 (K2 Ni F4) structure types	Patel, R.;  Simon, C.;  Weller, M.T.	Journal of Solid State Chemistry (2007) 180, (1) p349-p359
172933	A b m a	(Ce Sr) Sc O4	La2CuO4	Ln Sr Sc O4 (Ln = La, Ce, Pr, Nd and Sm) systems and structure correlations for A2 B O4 (K2 Ni F4) structure types	Patel, R.;  Simon, C.;  Weller, M.T.	Journal of Solid State Chemistry (2007) 180, (1) p349-p359
172934	A b m a	(Ce Sr) Sc O4	La2CuO4	Ln Sr Sc O4 (Ln = La, Ce, Pr, Nd and Sm) systems and structure correlations for A2 B O4 (K2 Ni F4) structure types	Patel, R.;  Simon, C.;  Weller, M.T.	Journal of Solid State Chemistry (2007) 180, (1) p349-p359
172935	A b m a	(Ce Sr) Sc O4	La2CuO4	Ln Sr Sc O4 (Ln = La, Ce, Pr, Nd and Sm) systems and structure correlations for A2 B O4 (K2 Ni F4) structure types	Patel, R.;  Simon, C.;  Weller, M.T.	Journal of Solid State Chemistry (2007) 180, (1) p349-p359
172936	A b m a	(Pr Sr) Sc O4	La2CuO4	Ln Sr Sc O4 (Ln = La, Ce, Pr, Nd and Sm) systems and structure correlations for A2 B O4 (K2 Ni F4) structure types	Patel, R.;  Simon, C.;  Weller, M.T.	Journal of Solid State Chemistry (2007) 180, (1) p349-p359
172937	A b m a	(Pr Sr) Sc O4	La2CuO4	Ln Sr Sc O4 (Ln = La, Ce, Pr, Nd and Sm) systems and structure correlations for A2 B O4 (K2 Ni F4) structure types	Patel, R.;  Simon, C.;  Weller, M.T.	Journal of Solid State Chemistry (2007) 180, (1) p349-p359
172938	A b m a	(Pr Sr) Sc O4	La2CuO4	Ln Sr Sc O4 (Ln = La, Ce, Pr, Nd and Sm) systems and structure correlations for A2 B O4 (K2 Ni F4) structure types	Patel, R.;  Simon, C.;  Weller, M.T.	Journal of Solid State Chemistry (2007) 180, (1) p349-p359
172939	A b m a	(Pr Sr) Sc O4	La2CuO4	Ln Sr Sc O4 (Ln = La, Ce, Pr, Nd and Sm) systems and structure correlations for A2 B O4 (K2 Ni F4) structure types	Patel, R.;  Simon, C.;  Weller, M.T.	Journal of Solid State Chemistry (2007) 180, (1) p349-p359
172940	A b m a	(Pr Sr) Sc O4	La2CuO4	Ln Sr Sc O4 (Ln = La, Ce, Pr, Nd and Sm) systems and structure correlations for A2 B O4 (K2 Ni F4) structure types	Patel, R.;  Simon, C.;  Weller, M.T.	Journal of Solid State Chemistry (2007) 180, (1) p349-p359
172941	A b m a	(Pr Sr) Sc O4	La2CuO4	Ln Sr Sc O4 (Ln = La, Ce, Pr, Nd and Sm) systems and structure correlations for A2 B O4 (K2 Ni F4) structure types	Patel, R.;  Simon, C.;  Weller, M.T.	Journal of Solid State Chemistry (2007) 180, (1) p349-p359
172942	A b m a	(Pr Sr) Sc O4	La2CuO4	Ln Sr Sc O4 (Ln = La, Ce, Pr, Nd and Sm) systems and structure correlations for A2 B O4 (K2 Ni F4) structure types	Patel, R.;  Simon, C.;  Weller, M.T.	Journal of Solid State Chemistry (2007) 180, (1) p349-p359
172943	A b m a	(Pr Sr) Sc O4	La2CuO4	Ln Sr Sc O4 (Ln = La, Ce, Pr, Nd and Sm) systems and structure correlations for A2 B O4 (K2 Ni F4) structure types	Patel, R.;  Simon, C.;  Weller, M.T.	Journal of Solid State Chemistry (2007) 180, (1) p349-p359
172944	A b m a	(Pr Sr) Sc O4	La2CuO4	Ln Sr Sc O4 (Ln = La, Ce, Pr, Nd and Sm) systems and structure correlations for A2 B O4 (K2 Ni F4) structure types	Patel, R.;  Simon, C.;  Weller, M.T.	Journal of Solid State Chemistry (2007) 180, (1) p349-p359
172945	A b m a	(Pr Sr) Sc O4	La2CuO4	Ln Sr Sc O4 (Ln = La, Ce, Pr, Nd and Sm) systems and structure correlations for A2 B O4 (K2 Ni F4) structure types	Patel, R.;  Simon, C.;  Weller, M.T.	Journal of Solid State Chemistry (2007) 180, (1) p349-p359
172946	A b m a	(Pr Sr) Sc O4	La2CuO4	Ln Sr Sc O4 (Ln = La, Ce, Pr, Nd and Sm) systems and structure correlations for A2 B O4 (K2 Ni F4) structure types	Patel, R.;  Simon, C.;  Weller, M.T.	Journal of Solid State Chemistry (2007) 180, (1) p349-p359
172947	A b m a	(Pr Sr) Sc O4	La2CuO4	Ln Sr Sc O4 (Ln = La, Ce, Pr, Nd and Sm) systems and structure correlations for A2 B O4 (K2 Ni F4) structure types	Patel, R.;  Simon, C.;  Weller, M.T.	Journal of Solid State Chemistry (2007) 180, (1) p349-p359
172950	A b m a	(Nd Sr) Sc O4	La2CuO4	Ln Sr Sc O4 (Ln = La, Ce, Pr, Nd and Sm) systems and structure correlations for A2 B O4 (K2 Ni F4) structure types	Patel, R.;  Simon, C.;  Weller, M.T.	Journal of Solid State Chemistry (2007) 180, (1) p349-p359
172951	A b m a	(Nd Sr) Sc O4	La2CuO4	Ln Sr Sc O4 (Ln = La, Ce, Pr, Nd and Sm) systems and structure correlations for A2 B O4 (K2 Ni F4) structure types	Patel, R.;  Simon, C.;  Weller, M.T.	Journal of Solid State Chemistry (2007) 180, (1) p349-p359
172952	A b m a	(Nd Sr) Sc O4	La2CuO4	Ln Sr Sc O4 (Ln = La, Ce, Pr, Nd and Sm) systems and structure correlations for A2 B O4 (K2 Ni F4) structure types	Patel, R.;  Simon, C.;  Weller, M.T.	Journal of Solid State Chemistry (2007) 180, (1) p349-p359
172953	A b m a	(Nd Sr) Sc O4	La2CuO4	Ln Sr Sc O4 (Ln = La, Ce, Pr, Nd and Sm) systems and structure correlations for A2 B O4 (K2 Ni F4) structure types	Patel, R.;  Simon, C.;  Weller, M.T.	Journal of Solid State Chemistry (2007) 180, (1) p349-p359
172954	A b m a	(Nd Sr) Sc O4	La2CuO4	Ln Sr Sc O4 (Ln = La, Ce, Pr, Nd and Sm) systems and structure correlations for A2 B O4 (K2 Ni F4) structure types	Patel, R.;  Simon, C.;  Weller, M.T.	Journal of Solid State Chemistry (2007) 180, (1) p349-p359
172955	A b m a	(Nd Sr) Sc O4	La2CuO4	Ln Sr Sc O4 (Ln = La, Ce, Pr, Nd and Sm) systems and structure correlations for A2 B O4 (K2 Ni F4) structure types	Patel, R.;  Simon, C.;  Weller, M.T.	Journal of Solid State Chemistry (2007) 180, (1) p349-p359
172956	A b m a	(Nd Sr) Sc O4	La2CuO4	Ln Sr Sc O4 (Ln = La, Ce, Pr, Nd and Sm) systems and structure correlations for A2 B O4 (K2 Ni F4) structure types	Patel, R.;  Simon, C.;  Weller, M.T.	Journal of Solid State Chemistry (2007) 180, (1) p349-p359
172957	A b m a	(Nd Sr) Sc O4	La2CuO4	Ln Sr Sc O4 (Ln = La, Ce, Pr, Nd and Sm) systems and structure correlations for A2 B O4 (K2 Ni F4) structure types	Patel, R.;  Simon, C.;  Weller, M.T.	Journal of Solid State Chemistry (2007) 180, (1) p349-p359
172958	A b m a	(Nd Sr) Sc O4	La2CuO4	Ln Sr Sc O4 (Ln = La, Ce, Pr, Nd and Sm) systems and structure correlations for A2 B O4 (K2 Ni F4) structure types	Patel, R.;  Simon, C.;  Weller, M.T.	Journal of Solid State Chemistry (2007) 180, (1) p349-p359
172959	A b m a	(Nd Sr) Sc O4	La2CuO4	Ln Sr Sc O4 (Ln = La, Ce, Pr, Nd and Sm) systems and structure correlations for A2 B O4 (K2 Ni F4) structure types	Patel, R.;  Simon, C.;  Weller, M.T.	Journal of Solid State Chemistry (2007) 180, (1) p349-p359
172960	A b m a	(Nd Sr) Sc O4	La2CuO4	Ln Sr Sc O4 (Ln = La, Ce, Pr, Nd and Sm) systems and structure correlations for A2 B O4 (K2 Ni F4) structure types	Patel, R.;  Simon, C.;  Weller, M.T.	Journal of Solid State Chemistry (2007) 180, (1) p349-p359
172961	A b m a	(Nd Sr) Sc O4	La2CuO4	Ln Sr Sc O4 (Ln = La, Ce, Pr, Nd and Sm) systems and structure correlations for A2 B O4 (K2 Ni F4) structure types	Patel, R.;  Simon, C.;  Weller, M.T.	Journal of Solid State Chemistry (2007) 180, (1) p349-p359
172962	A b m a	(Sm Sr) Sc O4	La2CuO4	Ln Sr Sc O4 (Ln = La, Ce, Pr, Nd and Sm) systems and structure correlations for A2 B O4 (K2 Ni F4) structure types	Patel, R.;  Simon, C.;  Weller, M.T.	Journal of Solid State Chemistry (2007) 180, (1) p349-p359
172963	A b m a	(Sm Sr) Sc O4	La2CuO4	Ln Sr Sc O4 (Ln = La, Ce, Pr, Nd and Sm) systems and structure correlations for A2 B O4 (K2 Ni F4) structure types	Patel, R.;  Simon, C.;  Weller, M.T.	Journal of Solid State Chemistry (2007) 180, (1) p349-p359
172964	A b m a	(Sm Sr) Sc O4	La2CuO4	Ln Sr Sc O4 (Ln = La, Ce, Pr, Nd and Sm) systems and structure correlations for A2 B O4 (K2 Ni F4) structure types	Patel, R.;  Simon, C.;  Weller, M.T.	Journal of Solid State Chemistry (2007) 180, (1) p349-p359
172965	A b m a	(Sm Sr) Sc O4	La2CuO4	Ln Sr Sc O4 (Ln = La, Ce, Pr, Nd and Sm) systems and structure correlations for A2 B O4 (K2 Ni F4) structure types	Patel, R.;  Simon, C.;  Weller, M.T.	Journal of Solid State Chemistry (2007) 180, (1) p349-p359
172966	A b m a	(Sm Sr) Sc O4	La2CuO4	Ln Sr Sc O4 (Ln = La, Ce, Pr, Nd and Sm) systems and structure correlations for A2 B O4 (K2 Ni F4) structure types	Patel, R.;  Simon, C.;  Weller, M.T.	Journal of Solid State Chemistry (2007) 180, (1) p349-p359
172967	A b m a	(Sm Sr) Sc O4	La2CuO4	Ln Sr Sc O4 (Ln = La, Ce, Pr, Nd and Sm) systems and structure correlations for A2 B O4 (K2 Ni F4) structure types	Patel, R.;  Simon, C.;  Weller, M.T.	Journal of Solid State Chemistry (2007) 180, (1) p349-p359
172968	A b m a	(Sm Sr) Sc O4	La2CuO4	Ln Sr Sc O4 (Ln = La, Ce, Pr, Nd and Sm) systems and structure correlations for A2 B O4 (K2 Ni F4) structure types	Patel, R.;  Simon, C.;  Weller, M.T.	Journal of Solid State Chemistry (2007) 180, (1) p349-p359
172969	A b m a	(Sm Sr) Sc O4	La2CuO4	Ln Sr Sc O4 (Ln = La, Ce, Pr, Nd and Sm) systems and structure correlations for A2 B O4 (K2 Ni F4) structure types	Patel, R.;  Simon, C.;  Weller, M.T.	Journal of Solid State Chemistry (2007) 180, (1) p349-p359
172970	A b m a	(Sm Sr) Sc O4	La2CuO4	Ln Sr Sc O4 (Ln = La, Ce, Pr, Nd and Sm) systems and structure correlations for A2 B O4 (K2 Ni F4) structure types	Patel, R.;  Simon, C.;  Weller, M.T.	Journal of Solid State Chemistry (2007) 180, (1) p349-p359
172971	A b m a	(Sm Sr) Sc O4	La2CuO4	Ln Sr Sc O4 (Ln = La, Ce, Pr, Nd and Sm) systems and structure correlations for A2 B O4 (K2 Ni F4) structure types	Patel, R.;  Simon, C.;  Weller, M.T.	Journal of Solid State Chemistry (2007) 180, (1) p349-p359
172972	A b m a	(Sm Sr) Sc O4	La2CuO4	Ln Sr Sc O4 (Ln = La, Ce, Pr, Nd and Sm) systems and structure correlations for A2 B O4 (K2 Ni F4) structure types	Patel, R.;  Simon, C.;  Weller, M.T.	Journal of Solid State Chemistry (2007) 180, (1) p349-p359
172973	A b m a	(Sm Sr) Sc O4	La2CuO4	Ln Sr Sc O4 (Ln = La, Ce, Pr, Nd and Sm) systems and structure correlations for A2 B O4 (K2 Ni F4) structure types	Patel, R.;  Simon, C.;  Weller, M.T.	Journal of Solid State Chemistry (2007) 180, (1) p349-p359
173514	B m a b	La2 Co O4.22	La2CuO4	Oxygen excess in La2 Co O(4+delta): a neutron diffraction study	Aguadero, A.;  Alonso, J.A.;  Daza, L.	Zeitschrift fuer Naturforschung, B: Chemical Sciences (2008) 63, (6) p615-p622
173891	B m a b	La2 (Cu O4)	La2CuO4	Superconducting phase of La2 Cu O(4-d): a superconducting composition resulting from phase separation	Jorgensen, J.D.;  Dabrowski, B.;  Shiyou Pei;  Hinks, D.G.;  Soderholm, L.;  Morosin, B.;  Schirber, J.E.;  Venturini, E.L.;  Ginley, D.S.	Physical Review, Serie 3. B - Condensed Matter (18,1978-) (1988) 38, (16) p11337-p11345
173893	B m a b	La2 (Cu O4)	La2CuO4	Superconducting phase of La2 Cu O(4-d): a superconducting composition resulting from phase separation	Jorgensen, J.D.;  Dabrowski, B.;  Shiyou Pei;  Hinks, D.G.;  Soderholm, L.;  Morosin, B.;  Schirber, J.E.;  Venturini, E.L.;  Ginley, D.S.	Physical Review, Serie 3. B - Condensed Matter (18,1978-) (1988) 38, (16) p11337-p11345
173895	B m a b	La2 (Cu O4)	La2CuO4	Superconducting phase of La2 Cu O(4-d): a superconducting composition resulting from phase separation	Jorgensen, J.D.;  Dabrowski, B.;  Shiyou Pei;  Hinks, D.G.;  Soderholm, L.;  Morosin, B.;  Schirber, J.E.;  Venturini, E.L.;  Ginley, D.S.	Physical Review, Serie 3. B - Condensed Matter (18,1978-) (1988) 38, (16) p11337-p11345
290770	I 4/m m m	La2 Sr2 Cr Ni O7.416	La2CuO4-x(tI13)	In situ neutron diffraction study of the high-temperature redox chemistry of Ln3-x Sr1+x Cr Ni O8-delta (Ln = La, Nd) under hydrogen	Tonus, Florent;  Bahout, Mona;  Battle, Peter D.;  Hansen, Thomas;  Henry, Paul F.;  Roisnel, Thierry	Journal of Materials Chemistry (2010) 20, (20) p4103-p4115
290771	I 4/m m m	La2 Sr2 Cr Ni O7.396	La2CuO4-x(tI13)	In situ neutron diffraction study of the high-temperature redox chemistry of Ln3-x Sr1+x Cr Ni O8-delta (Ln = La, Nd) under hydrogen	Tonus, Florent;  Bahout, Mona;  Battle, Peter D.;  Hansen, Thomas;  Henry, Paul F.;  Roisnel, Thierry	Journal of Materials Chemistry (2010) 20, (20) p4103-p4115
290774	I 4/m m m	Nd2 Sr2 Cr Ni O7.392	La2CuO4-x(tI13)	In situ neutron diffraction study of the high-temperature redox chemistry of Ln3-x Sr1+x Cr Ni O8-delta (Ln = La, Nd) under hydrogen	Tonus, Florent;  Bahout, Mona;  Battle, Peter D.;  Hansen, Thomas;  Henry, Paul F.;  Roisnel, Thierry	Journal of Materials Chemistry (2010) 20, (20) p4103-p4115
290775	I 4/m m m	Nd2 Sr2 Cr Ni O7.380	La2CuO4-x(tI13)	In situ neutron diffraction study of the high-temperature redox chemistry of Ln3-x Sr1+x Cr Ni O8-delta (Ln = La, Nd) under hydrogen	Tonus, Florent;  Bahout, Mona;  Battle, Peter D.;  Hansen, Thomas;  Henry, Paul F.;  Roisnel, Thierry	Journal of Materials Chemistry (2010) 20, (20) p4103-p4115
108810	B m a b	La2 Cu0.95 Li0.05 O4	La2CuO4	Preparation and crystal structures of La2 Cu1-x Lix O4 solid solutions and evidence for a new oxide with a defect K2 Ni F4 structure: La4 Li2 O7	Attfield, J.P.	Physical Review, Serie 3. B - Condensed Matter (18,1978-) (1988) 37,  p9343-p9352
54857	B m a b	La2 (Ni0.4 Co0.6) O4.093	La2CuO4	Structural and sintering characteristics of the La2 Ni1-x Cox O4+d series	Amow, G.;  Whitfield, P.S.;  Davidson, I.J.;  Hammond, R.P.;  Munnings, C.N.;  Skinner, S.J.	Ceramics International (2004) 30,  p1635-p1639
150383	P c c n	Sr2 (Sn O4)	La2CuO4(oP28)	Neutron diffraction study of phase transitions in Sr2 Sn O4	Fu, W.T.;  Visser, D.;  Knight, K.S.;  Ijdo, D.J.W.	Journal of Solid State Chemistry (2004) 177,  p4081-p4086
150384	P c c n	Sr2 (Sn O4)	La2CuO4(oP28)	Neutron diffraction study of phase transitions in Sr2 Sn O4	Fu, W.T.;  Visser, D.;  Knight, K.S.;  Ijdo, D.J.W.	Journal of Solid State Chemistry (2004) 177,  p4081-p4086
150385	B m a b	Sr2 (Sn O4)	La2CuO4	Neutron diffraction study of phase transitions in Sr2 Sn O4	Fu, W.T.;  Visser, D.;  Knight, K.S.;  Ijdo, D.J.W.	Journal of Solid State Chemistry (2004) 177,  p4081-p4086
150386	B m a b	Sr2 (Sn O4)	La2CuO4	Neutron diffraction study of phase transitions in Sr2 Sn O4	Fu, W.T.;  Visser, D.;  Knight, K.S.;  Ijdo, D.J.W.	Journal of Solid State Chemistry (2004) 177,  p4081-p4086
154549	P c c n	(Ca1.65 Gd0.35) (Mn O4)	La2CuO4(oP28)	Orthorhombic distortion in Ca2-x Gdx Mn O4	Takahashi, J.;  Nakada, H.;  Satoh, H.;  Kamegashira, N.	Journal of Alloys and Compounds (2006) 408,  p598-p602
154550	P c c n	(Ca1.6 Gd0.4) (Mn O4)	La2CuO4(oP28)	Orthorhombic distortion in Ca2-x Gdx Mn O4	Takahashi, J.;  Nakada, H.;  Satoh, H.;  Kamegashira, N.	Journal of Alloys and Compounds (2006) 408,  p598-p602
154551	P c c n	(Ca1.55 Gd0.45) (Mn O4)	La2CuO4(oP28)	Orthorhombic distortion in Ca2-x Gdx Mn O4	Takahashi, J.;  Nakada, H.;  Satoh, H.;  Kamegashira, N.	Journal of Alloys and Compounds (2006) 408,  p598-p602
154898	B m a b	(Nd1.67 Sr0.33) Ni O4	La2CuO4	Magnetic and transport properties of Nd1.67 Sr0.33 Ni O4	Zaghrioui, M.;  Giovannelli, F.;  Pruvost, S.;  Poirot, N.;  Monot-Laffez, I.	Journal of Magnetism and Magnetic Materials (2006) 305,  p71-p75
155496	B m a b	La2 Cu O4	La2CuO4	Crystal structure and high-field magnetism of La2 Cu O4	Reehuis, M.;  Ulrich, C.;  Prokes, K.;  Gozar, A.;  Blumberg, G.;  Komiya, S.;  Ando, Y.;  Pattison, P.;  Keimer, B.	Physical Review, Serie 3. B - Condensed Matter (18,1978-) (2006) 73,  p144513-1-p144513-8
156289	I 4/m m m	(Ho0.33 Sr1.67) (Ni0.8 Cu0.2) O3.67	La2CuO4-x(tI13)	The synthesis, structural characterization and magnetic properties of compounds in the (Ln2 O3) - (Sr O) - (Ni O) - (Cu O) system for Ln = La, Nd, Gd, Dy, Ho and Er	Chaker, H.;  Roisnel, T.;  Ceretti, M.;  Ben Hassen, R.	Journal of Alloys and Compounds (2007) 431,  p16-p22
156421	B m a b	(Ca Sm) (Co O4)	La2CuO4	Synthesis and characterization of (K2 Ni F4)-type Ca Ln Co O4 (Ln = Sm or Gd)	Taguchi, H.;  Nakade, K.;  Hirota, K.	Materials Research Bulletin (2007) 42,  p649-p656
156422	B m a b	(Ca Gd) (Co O4)	La2CuO4	Synthesis and characterization of (K2 Ni F4)-type Ca Ln Co O4 (Ln = Sm or Gd)	Taguchi, H.;  Nakade, K.;  Hirota, K.	Materials Research Bulletin (2007) 42,  p649-p656
160127	B m a b	(Nd0.33 Ca1.67) (Mn O4)	La2CuO4	Synthesis and structural properties of n=1 Ruddlesden-Popper manganites Nd1-x Ca1+x Mn O4	Nagai, T.;  Yamazaki, A.;  Kimoto, K.;  Matsui, Y.	Journal of Alloys and Compounds (2008) 453,  p247-p252
160673	I 4/m m m	(La0.6 Sr1.4) (Ni O3.748)	La2CuO4-x(tI13)	High-temperature oxygen non-stoichiometry, conductivity and structure in strontium-rich nickelates La2-x Srx Ni O4-d (x= 1 and 1.4)	Makhnach, L.V.;  Pankov, V.V.;  Strobel, P.	Materials Chemistry and Physics (2008) 111,  p125-p130
160767	B m a b	La2 Cu O4.042	La2CuO4	Evaluation of the La2 Ni1-x Cux O4+d system as SOFC cathode material with 8YSZ and LSGM as electrolytes	Aguadero, A.;  Alonso, J.A.;  Escudero, M.J.;  Daza, L.	Solid State Ionics (2008) 179,  p393-p400
163477	B m a b	(Ca Nd) Fe O4	La2CuO4	Structures and electrical conductivity of Ca Nd Fe O4 ceramics	Liu, X.-Q.;  Lu, X.J.;  Chen, X.-M.;  Lu, G.L.	Journal of electroceramics, Springer Science+Business Media, Inc., The Netherlands (2008) 21,  p487-p490
164503	B m a b	Ca Nd Fe O4	La2CuO4	Spin reorientation transition in layered perovskite Ca Nd Fe O4	Oyama, S.;  Wakeshima, M.;  Hinatsu, Y.;  Ohoyama, K.	Journal of Physics: Condensed Matter (2004) 16,  p8429-p8446
164504	B m a b	Ca Nd Fe O4	La2CuO4	Spin reorientation transition in layered perovskite Ca Nd Fe O4	Oyama, S.;  Wakeshima, M.;  Hinatsu, Y.;  Ohoyama, K.	Journal of Physics: Condensed Matter (2004) 16,  p8429-p8446
164505	B m a b	Ca Nd Fe O4	La2CuO4	Spin reorientation transition in layered perovskite Ca Nd Fe O4	Oyama, S.;  Wakeshima, M.;  Hinatsu, Y.;  Ohoyama, K.	Journal of Physics: Condensed Matter (2004) 16,  p8429-p8446
180518	I 4/m m m	(La Sr) Cu O3.64	La2CuO4-x(tI13)	Oxygen nonstoichiometry of tetragonal La2-x Srx Cu O4-d (x=0.15-1.2) and in situ XPS studies at elevated temperatures	Alyoshin, V.A.;  Romanova, I.P.;  Mikhailova, D.;  Oswald, S.;  Senyshyn, A.;  Ehrenberg, H.	Journal of Physics A (2010) 114,  p13362-p13369
180519	I 4/m m m	(La Sr) Cu O3.64	La2CuO4-x(tI13)	Oxygen nonstoichiometry of tetragonal La2-x Srx Cu O4-d (x=0.15-1.2) and in situ XPS studies at elevated temperatures	Alyoshin, V.A.;  Romanova, I.P.;  Mikhailova, D.;  Oswald, S.;  Senyshyn, A.;  Ehrenberg, H.	Journal of Physics A (2010) 114,  p13362-p13369
185411	B m a b	(Sm1.5 Sr0.5) (Ni0.97 Mn0.03) O4	La2CuO4	Structure, magnetic and dielectric properties in Mn-substituted Sm1.5 Sr0.5 Ni O4 ceramics	Jia Bowen;  Liu Xiaoqiang;  Chen Xiangming	Journal of Applied Physics (2011) 110,  p064110-1-p064110-7
185412	B m a b	(Sm1.5 Sr0.5) (Ni0.95 Mn0.05) O4	La2CuO4	Structure, magnetic and dielectric properties in Mn-substituted Sm1.5 Sr0.5 Ni O4 ceramics	Jia Bowen;  Liu Xiaoqiang;  Chen Xiangming	Journal of Applied Physics (2011) 110,  p064110-1-p064110-7
185413	B m a b	(Sm1.5 Sr0.5) (Ni0.9 Mn0.1) O4	La2CuO4	Structure, magnetic and dielectric properties in Mn-substituted Sm1.5 Sr0.5 Ni O4 ceramics	Jia Bowen;  Liu Xiaoqiang;  Chen Xiangming	Journal of Applied Physics (2011) 110,  p064110-1-p064110-7
186588	B m a b	La2 (Cu O4)	La2CuO4	Evaluation of Ln2 Cu O4  (Ln: La, Pr, Nd) oxides as cathode materials for IT-SOFCs	Kun Zheng;  Gorzkowska-Sobas, A.;  Swierczek, K.	Materials Research Bulletin (2012) 47, (12) p4089-p4095
189373	B m a b	Nd2 Ni O4	La2CuO4	Effect of excess oxygen on crystal structures and dielectric responses of Nd2 Ni O4+d ceramics	Liu, Guo;  Chen, Ting Ting;  Wang, Jian;  Liu, Xiao Qiang;  Chen, Xiang Ming	Journal of Alloys and Compounds (2013) 579,  p502-p506
419310	B m a b	(Sm1.5 Sr0.5) (Ni O4)	La2CuO4	Temperature-stable giant dielectric response in orthorhombic samarium strontium nickelate ceramics	Liu Xiao Qiang;  Wu Yongjun;  Chen Xiang Ming;  Zhu Haiyan	Journal of Applied Physics (2009) 105, (5) p54104-p54104
247699	B m a b	(Sm1.2 Nd0.3 Sr0.5) Ni O4	La2CuO4	Giant dielectric response in (Sm1-x Ndx)1.5 Sr0.5 Ni O4 ceramics: The intrinsic and extrinsic effects	Jia, Bo Wen;  Yang, Wen Zhi;  Liu, Xiao Qiang;  Chen, Xiang Ming	Journal of Applied Physics (2012) 112, (2) p024104-1-p024104-7
247700	B m a b	(Sm0.9 Nd0.6 Sr0.5) Ni O4	La2CuO4	Giant dielectric response in (Sm1-x Ndx)1.5 Sr0.5 Ni O4 ceramics: The intrinsic and extrinsic effects	Jia, Bo Wen;  Yang, Wen Zhi;  Liu, Xiao Qiang;  Chen, Xiang Ming	Journal of Applied Physics (2012) 112, (2) p024104-1-p024104-7
247701	B m a b	(Sm0.6 Nd0.9 Sr0.5) Ni O4	La2CuO4	Giant dielectric response in (Sm1-x Ndx)1.5 Sr0.5 Ni O4 ceramics: The intrinsic and extrinsic effects	Jia, Bo Wen;  Yang, Wen Zhi;  Liu, Xiao Qiang;  Chen, Xiang Ming	Journal of Applied Physics (2012) 112, (2) p024104-1-p024104-7
247702	B m a b	(Sm0.3 Nd1.2 Sr0.5) Ni O4	La2CuO4	Giant dielectric response in (Sm1-x Ndx)1.5 Sr0.5 Ni O4 ceramics: The intrinsic and extrinsic effects	Jia, Bo Wen;  Yang, Wen Zhi;  Liu, Xiao Qiang;  Chen, Xiang Ming	Journal of Applied Physics (2012) 112, (2) p024104-1-p024104-7
260416	C m c a	(Ca Nd) (Cr O4)	La2CuO4	Hopping conductivity of distorted K2 Ni F4-type (Ca(1+x) Nd(1-x)) Cr O4	Taguchi, H.;  Hirata, K.;  Kido, H.;  Takeda, Y.;  Kato, M.;  Hirota, K.	Solid State Sciences (2009) 11, (7) p1222-p1225
260417	C m c a	(Ca Nd) (Cr O4)	La2CuO4	Hopping conductivity of distorted K2 Ni F4-type (Ca(1+x) Nd(1-x)) Cr O4	Taguchi, H.;  Hirata, K.;  Kido, H.;  Takeda, Y.;  Kato, M.;  Hirota, K.	Solid State Sciences (2009) 11, (7) p1222-p1225
260418	C m c a	(Ca Nd) (Cr O4)	La2CuO4	Hopping conductivity of distorted K2 Ni F4-type (Ca(1+x) Nd(1-x)) Cr O4	Taguchi, H.;  Hirata, K.;  Kido, H.;  Takeda, Y.;  Kato, M.;  Hirota, K.	Solid State Sciences (2009) 11, (7) p1222-p1225
260419	C m c a	(Ca Nd) (Cr O4)	La2CuO4	Hopping conductivity of distorted K2 Ni F4-type (Ca(1+x) Nd(1-x)) Cr O4	Taguchi, H.;  Hirata, K.;  Kido, H.;  Takeda, Y.;  Kato, M.;  Hirota, K.	Solid State Sciences (2009) 11, (7) p1222-p1225
261661	C m c e	La2 Cu O4	La2CuO4	Transitions between lanthanum cuprates: crystal structures of T&#39;, orthorhombic, and K2 Ni F4-type La2 Cu O4	Hord, R.;  Cordier, G.;  Hoffmann, K.;  Buckow, A.;  Pascua, G.;  Luetkens, H.;  Alff, L.;  Albert, B.	Zeitschrift fuer Anorganische und Allgemeine Chemie (1950) (DE) (2011) 637, (9) p1114-p1117
262280	I 4/m m m	Sr2 Mn O3.7	La2CuO4-x(tI13)	Structural transformation and oxidation of Sr2 Mn O(3.5+x) determined by in-situ neutron powder diffraction	Munnings, C.N.;  Sayers, R.;  Stuart, P.A.;  Skinner, S.J.	Solid State Sciences (2012) 14, (1) p48-p53
248653	P c c n	Nd2 Ni O4.08	La2CuO4(oP28)	Crystal structure of Nd2NiO4.08	Ishikawa, Kenji	Solid State Ionics (2014) 262,  p682-p686
