formula,element1,n1,element2,n2,element3,n3,crystalsystem,spacegroup,bandgap,,,,,,,,,,,,,,,,,,,,,,,,,,,,,,,,,,,
LaMnO3,Mn,2,O,6,La,2,trigonal,167,0,161927,55953,167061,167062,167063,167064,155545,167066,167067,167068,55965,55966,55967,55968,55969,55970,55971,55972,55973,96038,167069,154049,162001,180179,167065,80370,90355,164470,,,,,,,
LaMnO3,Mn,2,O,6,La,2,monoclinic,15,0,150258,150259,54919,,,,,,,,,,,,,,,,,,,,,,,,,,,,,,,,
LaMnO3,Mn,4,O,12,La,4,orthorhombic,62,0,161928,161929,16280,16281,167070,50335,91175,56616,182575,182576,83761,82226,82227,82228,90424,97855,88388,51653,162002,180180,150260,168694,153212,,,,,,,,,,,,
La19Mn19O60,Mn,19,O,60,La,19,triclinic,1,0,,,,,,,,,,,,,,,,,,,,,,,,,,,,,,,,,,,
LaMn7O12,Mn,7,O,12,La,1,cubic,204,0,260415,,,,,,,,,,,,,,,,,,,,,,,,,,,,,,,,,,
La3Mn3O10,Mn,9,O,30,La,9,triclinic,1,0,,,,,,,,,,,,,,,,,,,,,,,,,,,,,,,,,,,
La10Mn9O30,Mn,9,O,30,La,10,triclinic,2,0,,,,,,,,,,,,,,,,,,,,,,,,,,,,,,,,,,,
La16Mn15O48,Mn,15,O,48,La,16,triclinic,2,0,,,,,,,,,,,,,,,,,,,,,,,,,,,,,,,,,,,
La9Mn10O30,Mn,10,O,30,La,9,triclinic,1,0,,,,,,,,,,,,,,,,,,,,,,,,,,,,,,,,,,,
La7Mn8O23,Mn,8,O,23,La,7,monoclinic,6,0,,,,,,,,,,,,,,,,,,,,,,,,,,,,,,,,,,,
La8Mn7O24,Mn,7,O,24,La,8,triclinic,2,0,,,,,,,,,,,,,,,,,,,,,,,,,,,,,,,,,,,
La16Mn15O48,Mn,15,O,48,La,16,triclinic,2,0,,,,,,,,,,,,,,,,,,,,,,,,,,,,,,,,,,,
La15Mn16O48,Mn,16,O,48,La,15,triclinic,1,0,,,,,,,,,,,,,,,,,,,,,,,,,,,,,,,,,,,
La16Mn15O48,Mn,15,O,48,La,16,triclinic,2,0,,,,,,,,,,,,,,,,,,,,,,,,,,,,,,,,,,,
La6Mn3O14,Mn,6,O,28,La,12,monoclinic,7,0,,,,,,,,,,,,,,,,,,,,,,,,,,,,,,,,,,,
La7(FeO8)2,Fe,2,O,16,La,7,monoclinic,8,0,,,,,,,,,,,,,,,,,,,,,,,,,,,,,,,,,,,
LaCoO3,Co,1,O,3,La,1,cubic,221,0,161383,,,,,,,,,,,,,,,,,,,,,,,,,,,,,,,,,,
La4Co3O10,Co,3,O,10,La,4,tetragonal,139,0,85592,85593,51178,,,,,,,,,,,,,,,,,,,,,,,,,,,,,,,,
La3Co3O8,Co,6,O,16,La,6,monoclinic,4,0,86176,,,,,,,,,,,,,,,,,,,,,,,,,,,,,,,,,,
LaCoO3,Co,2,O,6,La,2,triclinic,2,0,,,,,,,,,,,,,,,,,,,,,,,,,,,,,,,,,,,
LaNiO3,Ni,2,O,6,La,2,trigonal,167,0,67717,67714,67715,67716,173477,91042,93919,84933,,,,,,,,,,,,,,,,,,,,,,,,,,,
La4Ni3O10,Ni,3,O,10,La,4,tetragonal,139,0,80279,,,,,,,,,,,,,,,,,,,,,,,,,,,,,,,,,,
La3Ni2O7,Ni,4,O,14,La,6,orthorhombic,63,0,91141,91142,,,,,,,,,,,,,,,,,,,,,,,,,,,,,,,,,
La9Ni5O19,Ni,5,O,19,La,9,orthorhombic,42,0,,,,,,,,,,,,,,,,,,,,,,,,,,,,,,,,,,,
La16Ni8O33,Ni,8,O,33,La,16,tetragonal,82,0,,,,,,,,,,,,,,,,,,,,,,,,,,,,,,,,,,,
LaCuO3,O,6,Cu,2,La,2,trigonal,167,0,73554,9428,,,,,,,,,,,,,,,,,,,,,,,,,,,,,,,,,
La2CuO4,O,8,Cu,2,La,4,orthorhombic,64,0,78297,41499,78237,74145,74150,173895,72237,261661,73906,73907,73908,1076,69311,69312,173891,173893,87969,78287,78288,78289,78290,78291,78292,78293,78294,78295,78296,50265,78298,78299,78300,78194,75891,67837,89173
La2Cu2O5,O,10,Cu,4,La,4,orthorhombic,55,0,82388,82139,77943,82389,73399,,,,,,,,,,,,,,,,,,,,,,,,,,,,,,
La2Cu2O5,O,30,Cu,12,La,12,monoclinic,15,0,80600,71061,,,,,,,,,,,,,,,,,,,,,,,,,,,,,,,,,
La12Cu10O31,O,31,Cu,10,La,12,monoclinic,5,0,,,,,,,,,,,,,,,,,,,,,,,,,,,,,,,,,,,
La(CuO2)2,O,8,Cu,4,La,2,tetragonal,88,0,83486,,,,,,,,,,,,,,,,,,,,,,,,,,,,,,,,,,
La2CuO4,O,24,Cu,6,La,12,orthorhombic,36,0,,,,,,,,,,,,,,,,,,,,,,,,,,,,,,,,,,,
La12Cu6O25,O,25,Cu,6,La,12,monoclinic,5,0,,,,,,,,,,,,,,,,,,,,,,,,,,,,,,,,,,,
La5Cu5O13,O,13,Cu,5,La,5,monoclinic,10,0,,,,,,,,,,,,,,,,,,,,,,,,,,,,,,,,,,,
La6Cu6O17,O,17,Cu,6,La,6,trigonal,149,0,,,,,,,,,,,,,,,,,,,,,,,,,,,,,,,,,,,
La4CuO8,O,8,Cu,1,La,4,orthorhombic,65,0,,,,,,,,,,,,,,,,,,,,,,,,,,,,,,,,,,,
La6Cu6O17,O,17,Cu,6,La,6,monoclinic,12,0,,,,,,,,,,,,,,,,,,,,,,,,,,,,,,,,,,,
La20Cu9O40,O,40,Cu,9,La,20,triclinic,2,0,,,,,,,,,,,,,,,,,,,,,,,,,,,,,,,,,,,
La8Cu3O16,O,16,Cu,3,La,8,triclinic,1,0,,,,,,,,,,,,,,,,,,,,,,,,,,,,,,,,,,,
Sr2VO4,Sr,2,O,4,V,1,tetragonal,139,0,69000,71450,72219,69012,,,,,,,,,,,,,,,,,,,,,,,,,,,,,,,
SrV6O11,Sr,2,O,22,V,12,hexagonal,194,0,261129,93594,,,,,,,,,,,,,,,,,,,,,,,,,,,,,,,,,
SrV6O11,Sr,2,O,22,V,12,hexagonal,194,0,71868,,,,,,,,,,,,,,,,,,,,,,,,,,,,,,,,,,
SrV13O18,Sr,1,O,18,V,13,trigonal,148,0,97949,,,,,,,,,,,,,,,,,,,,,,,,,,,,,,,,,,
Sr3Cr2O8,Cr,2,O,8,Sr,3,trigonal,166,0,85055,,,,,,,,,,,,,,,,,,,,,,,,,,,,,,,,,,
Sr4Cr3O9,Cr,9,O,27,Sr,12,trigonal,143,0,85045,,,,,,,,,,,,,,,,,,,,,,,,,,,,,,,,,,
SrCr10O15,Cr,20,O,30,Sr,2,orthorhombic,64,0,85053,,,,,,,,,,,,,,,,,,,,,,,,,,,,,,,,,,
Sr5Mn5O13,Sr,5,Mn,5,O,13,tetragonal,83,0,159660,,,,,,,,,,,,,,,,,,,,,,,,,,,,,,,,,,
Sr3Mn2O7,Sr,3,Mn,2,O,7,tetragonal,139,0,51216,51217,51215,,,,,,,,,,,,,,,,,,,,,,,,,,,,,,,,
Sr3Mn4O12,Sr,3,Mn,4,O,12,trigonal,164,0,,,,,,,,,,,,,,,,,,,,,,,,,,,,,,,,,,,
Sr12Mn6O23,Sr,12,Mn,6,O,23,triclinic,2,0,,,,,,,,,,,,,,,,,,,,,,,,,,,,,,,,,,,
Sr3Fe2O7,Sr,3,Fe,2,O,7,tetragonal,139,0,74437,163173,74422,74423,,,,,,,,,,,,,,,,,,,,,,,,,,,,,,,
Sr4Fe4O11,Sr,4,Fe,4,O,11,orthorhombic,65,0,91064,163169,249009,249007,,,,,,,,,,,,,,,,,,,,,,,,,,,,,,,
Sr2FeO4,Sr,2,Fe,1,O,4,tetragonal,139,0,69849,74419,74420,74421,,,,,,,,,,,,,,,,,,,,,,,,,,,,,,,
Sr8Fe8O23,Sr,8,Fe,8,O,23,tetragonal,139,0,249000,91063,,,,,,,,,,,,,,,,,,,,,,,,,,,,,,,,,
Sr16Fe16O41,Sr,16,Fe,16,O,41,triclinic,2,0,,,,,,,,,,,,,,,,,,,,,,,,,,,,,,,,,,,
Sr8Co8O23,Sr,8,Co,8,O,23,tetragonal,139,0,245305,,,,,,,,,,,,,,,,,,,,,,,,,,,,,,,,,,
Sr2CoO4,Sr,2,Co,1,O,4,tetragonal,139,0,246483,,,,,,,,,,,,,,,,,,,,,,,,,,,,,,,,,,
Sr2Co2O5,Sr,4,Co,4,O,10,orthorhombic,46,0,162240,162241,173696,173697,173695,,,,,,,,,,,,,,,,,,,,,,,,,,,,,,
SrCo12O19,Sr,2,Co,24,O,38,hexagonal,194,0,245874,,,,,,,,,,,,,,,,,,,,,,,,,,,,,,,,,,
SrCoO3,Sr,4,Co,4,O,12,triclinic,2,0,,,,,,,,,,,,,,,,,,,,,,,,,,,,,,,,,,,
Sr3Co3O8,Sr,6,Co,6,O,16,monoclinic,12,0,,,,,,,,,,,,,,,,,,,,,,,,,,,,,,,,,,,
Sr3(CoO3)2,Sr,9,Co,6,O,18,orthorhombic,71,0,,,,,,,,,,,,,,,,,,,,,,,,,,,,,,,,,,,
SrNiO3,Ni,1,O,3,Sr,1,cubic,221,0,,,,,,,,,,,,,,,,,,,,,,,,,,,,,,,,,,,
Sr2Cu3O5,Sr,2,O,5,Cu,3,orthorhombic,71,0,416904,416905,,,,,,,,,,,,,,,,,,,,,,,,,,,,,,,,,
Sr2Cu2O3,Sr,4,O,6,Cu,4,orthorhombic,69,0,150912,68676,,,,,,,,,,,,,,,,,,,,,,,,,,,,,,,,,
SrCuO2,Sr,2,O,4,Cu,2,orthorhombic,63,0,77291,83051,77293,202992,93653,16217,,,,,,,,,,,,,,,,,,,,,,,,,,,,,
Sr2Cu2O5,Sr,4,O,10,Cu,4,orthorhombic,55,0,82019,,,,,,,,,,,,,,,,,,,,,,,,,,,,,,,,,,
SrCu2O3,Sr,2,O,6,Cu,4,orthorhombic,59,0,99042,,,,,,,,,,,,,,,,,,,,,,,,,,,,,,,,,,
SrCuO3,Sr,6,O,18,Cu,6,orthorhombic,47,0,,,,,,,,,,,,,,,,,,,,,,,,,,,,,,,,,,,
Sr2CuO4,Sr,2,O,4,Cu,1,tetragonal,139,0,,,,,,,,,,,,,,,,,,,,,,,,,,,,,,,,,,,
Sr8Cu8O17,Sr,8,O,17,Cu,8,monoclinic,12,0,,,,,,,,,,,,,,,,,,,,,,,,,,,,,,,,,,,
SrCu2O3,Sr,1,O,3,Cu,2,orthorhombic,65,0,99041,416902,416903,,,,,,,,,,,,,,,,,,,,,,,,,,,,,,,,
SrCu2O3,Sr,2,O,6,Cu,4,orthorhombic,59,0,,,,,,,,,,,,,,,,,,,,,,,,,,,,,,,,,,,
BaV6O11,Ba,2,O,22,V,12,hexagonal,194,0,260348,416459,416460,260342,260343,,,,,,,,,,,,,,,,,,,,,,,,,,,,,,
Ba8V7O22,Ba,8,O,22,V,7,trigonal,166,0,78035,,,,,,,,,,,,,,,,,,,,,,,,,,,,,,,,,,
BaVO3,Ba,5,O,15,V,5,trigonal,164,0,78168,78167,,,,,,,,,,,,,,,,,,,,,,,,,,,,,,,,,
BaV8O16,Ba,1,O,16,V,8,triclinic,1,0,,,,,,,,,,,,,,,,,,,,,,,,,,,,,,,,,,,
Ba3Cr2O8,Cr,2,Ba,3,O,8,trigonal,166,0,9457,159409,240951,,,,,,,,,,,,,,,,,,,,,,,,,,,,,,,,
BaCrO3,Cr,14,Ba,14,O,42,hexagonal,194,0,32524,,,,,,,,,,,,,,,,,,,,,,,,,,,,,,,,,,
BaCrO3,Cr,4,Ba,4,O,12,hexagonal,194,0,35029,,,,,,,,,,,,,,,,,,,,,,,,,,,,,,,,,,
BaCrO3,Cr,6,Ba,6,O,18,hexagonal,194,0,35459,,,,,,,,,,,,,,,,,,,,,,,,,,,,,,,,,,
BaCr10O15,Cr,20,Ba,2,O,30,orthorhombic,64,0,82100,82101,85054,,,,,,,,,,,,,,,,,,,,,,,,,,,,,,,,
Ba2MnO4,Mn,1,Ba,2,O,4,tetragonal,139,0,,,,,,,,,,,,,,,,,,,,,,,,,,,,,,,,,,,
Ba3FeO5,Ba,12,O,20,Fe,4,orthorhombic,62,0,281029,,,,,,,,,,,,,,,,,,,,,,,,,,,,,,,,,,
Ba5Fe5O14,Ba,10,O,28,Fe,10,orthorhombic,63,0,391229,,,,,,,,,,,,,,,,,,,,,,,,,,,,,,,,,,
Ba4Fe4O11,Ba,12,O,33,Fe,12,triclinic,1,0,,,,,,,,,,,,,,,,,,,,,,,,,,,,,,,,,,,
Ba8Fe8O21,Ba,8,O,21,Fe,8,triclinic,2,0,,,,,,,,,,,,,,,,,,,,,,,,,,,,,,,,,,,
Ba3Fe3O8,Ba,6,O,16,Fe,6,orthorhombic,38,0,,,,,,,,,,,,,,,,,,,,,,,,,,,,,,,,,,,
Ba3Co10O17,Co,10,Ba,3,O,17,trigonal,166,0,240501,,,,,,,,,,,,,,,,,,,,,,,,,,,,,,,,,,
Ba5Co5O14,Co,5,Ba,5,O,14,trigonal,164,0,153697,153698,,,,,,,,,,,,,,,,,,,,,,,,,,,,,,,,,
BaCoO3,Co,2,Ba,2,O,6,hexagonal,194,0,173504,922,26586,88670,,,,,,,,,,,,,,,,,,,,,,,,,,,,,,,
Ba2(CuO2)3,O,24,Ba,8,Cu,12,monoclinic,10,0,63701,,,,,,,,,,,,,,,,,,,,,,,,,,,,,,,,,,
Ba2CuO3,O,3,Ba,2,Cu,1,orthorhombic,71,0,68217,,,,,,,,,,,,,,,,,,,,,,,,,,,,,,,,,,
BaCuO2,O,2,Ba,1,Cu,1,tetragonal,123,0,,,,,,,,,,,,,,,,,,,,,,,,,,,,,,,,,,,
BaCu3O4,O,4,Ba,1,Cu,3,orthorhombic,65,0,89232,,,,,,,,,,,,,,,,,,,,,,,,,,,,,,,,,,
BaCuO2,O,8,Ba,4,Cu,4,orthorhombic,55,0,,,,,,,,,,,,,,,,,,,,,,,,,,,,,,,,,,,
Ba8Cu8O19,O,19,Ba,8,Cu,8,triclinic,1,0,,,,,,,,,,,,,,,,,,,,,,,,,,,,,,,,,,,
Ba10Cu5O17,O,17,Ba,10,Cu,5,triclinic,2,0,,,,,,,,,,,,,,,,,,,,,,,,,,,,,,,,,,,
BaCuO2,O,8,Ba,4,Cu,4,orthorhombic,18,0,,,,,,,,,,,,,,,,,,,,,,,,,,,,,,,,,,,
Ca3Mn2O7,Ca,3,Mn,2,O,7,tetragonal,139,0,98090,55667,86647,,,,,,,,,,,,,,,,,,,,,,,,,,,,,,,,
CaMn7O12,Ca,1,Mn,7,O,12,cubic,204,0,200971,,,,,,,,,,,,,,,,,,,,,,,,,,,,,,,,,,
CaFeO3,Ca,4,Fe,4,O,12,orthorhombic,62,0,92352,92353,92330,92336,92337,92338,92339,92340,92341,92342,92343,92344,92346,92347,92348,92349,92350,92351,,,,,,,,,,,,,,,,,
Ca2(Fe2O3)11,Ca,2,Fe,22,O,33,trigonal,155,0,39296,,,,,,,,,,,,,,,,,,,,,,,,,,,,,,,,,,
Ca2Fe9O13,Ca,2,Fe,9,O,13,monoclinic,12,0,100826,,,,,,,,,,,,,,,,,,,,,,,,,,,,,,,,,,
Ca3(CoO3)2,Ca,6,Co,4,O,12,trigonal,167,0,245504,153193,246282,157585,82174,246281,82173,245502,82175,,,,,,,,,,,,,,,,,,,,,,,,,,
Ca2CuO3,Ca,2,O,3,Cu,1,orthorhombic,71,0,16216,80666,202995,68885,,,,,,,,,,,,,,,,,,,,,,,,,,,,,,,
CaCu2O3,Ca,2,O,6,Cu,4,orthorhombic,59,0,15094,,,,,,,,,,,,,,,,,,,,,,,,,,,,,,,,,,
CaCuO2,Ca,4,O,8,Cu,4,orthorhombic,18,0,84868,,,,,,,,,,,,,,,,,,,,,,,,,,,,,,,,,,
KV6O11,K,2,O,22,V,12,hexagonal,194,0,410568,,,,,,,,,,,,,,,,,,,,,,,,,,,,,,,,,,
KV4O10,K,2,O,20,V,8,orthorhombic,63,0,,,,,,,,,,,,,,,,,,,,,,,,,,,,,,,,,,,
KMnO2,K,2,Mn,2,O,4,monoclinic,12,0,,,,,,,,,,,,,,,,,,,,,,,,,,,,,,,,,,,
KMn6O12,K,2,Mn,12,O,24,tetragonal,87,0,,,,,,,,,,,,,,,,,,,,,,,,,,,,,,,,,,,
K11Mn4O16,K,11,Mn,4,O,16,tetragonal,121,0,,,,,,,,,,,,,,,,,,,,,,,,,,,,,,,,,,,
K3(FeO2)2,K,6,Fe,4,O,8,orthorhombic,70,0,94465,94466,,,,,,,,,,,,,,,,,,,,,,,,,,,,,,,,,
KCoO2,K,2,Co,2,O,4,tetragonal,122,0,4199,,,,,,,,,,,,,,,,,,,,,,,,,,,,,,,,,,
K4(CoO2)7,K,8,Co,14,O,28,hexagonal,176,0,152439,,,,,,,,,,,,,,,,,,,,,,,,,,,,,,,,,,
YMnO3,Y,2,Mn,2,O,6,hexagonal,194,0,422982,182284,422989,422990,73361,181182,,,,,,,,,,,,,,,,,,,,,,,,,,,,,
YMnO3,Y,6,Mn,6,O,18,hexagonal,185,0,98061,422983,422984,422985,182286,422987,98060,280589,280590,154127,163216,163217,422988,422986,164405,164406,162200,182285,181183,,,,,,,,,,,,,,,,
Y6Fe16O,Y,6,Fe,16,O,1,cubic,229,0,9640,,,,,,,,,,,,,,,,,,,,,,,,,,,,,,,,,,
Y(FeO2)2,Y,1,Fe,2,O,4,trigonal,166,0,67701,,,,,,,,,,,,,,,,,,,,,,,,,,,,,,,,,,
YNiO3,Y,4,Ni,4,O,12,orthorhombic,62,0,89417,88043,92047,,,,,,,,,,,,,,,,,,,,,,,,,,,,,,,,
Y(CuO2)2,Y,2,O,8,Cu,4,tetragonal,88,0,83493,,,,,,,,,,,,,,,,,,,,,,,,,,,,,,,,,,
Y2CuO4,Y,2,O,4,Cu,1,tetragonal,139,0,,,,,,,,,,,,,,,,,,,,,,,,,,,,,,,,,,,
Y2CuO4,Y,4,O,8,Cu,2,orthorhombic,64,0,,,,,,,,,,,,,,,,,,,,,,,,,,,,,,,,,,,
La11Mn12O36,Mn,12,O,36,La,11,monoclinic,5,0.0008,,,,,,,,,,,,,,,,,,,,,,,,,,,,,,,,,,,
BaV10O17,Ba,2,O,34,V,20,monoclinic,15,0.0017,,,,,,,,,,,,,,,,,,,,,,,,,,,,,,,,,,,
Y4Cu7O16,Y,8,O,32,Cu,14,triclinic,2,0.0019,,,,,,,,,,,,,,,,,,,,,,,,,,,,,,,,,,,
Sr4Cr3O9,Cr,9,O,27,Sr,12,trigonal,143,0.0025,85045,,,,,,,,,,,,,,,,,,,,,,,,,,,,,,,,,,
Ba2Cr7O14,Cr,7,Ba,2,O,14,trigonal,166,0.0026,2766,,,,,,,,,,,,,,,,,,,,,,,,,,,,,,,,,,
KV4O8,K,1,O,8,V,4,tetragonal,87,0.0026,100596,,,,,,,,,,,,,,,,,,,,,,,,,,,,,,,,,,
BaCu3O4,O,4,Ba,1,Cu,3,orthorhombic,65,0.0032,65881,87251,83079,,,,,,,,,,,,,,,,,,,,,,,,,,,,,,,,
La14Mn16O45,Mn,16,O,45,La,14,triclinic,1,0.0035,,,,,,,,,,,,,,,,,,,,,,,,,,,,,,,,,,,
Y6Cu11O24,Y,6,O,24,Cu,11,triclinic,2,0.0036,,,,,,,,,,,,,,,,,,,,,,,,,,,,,,,,,,,
La8Cu7O19,O,38,Cu,14,La,16,triclinic,2,0.0038,,,,,,,,,,,,,,,,,,,,,,,,,,,,,,,,,,,
BaMn3O6,Mn,6,Ba,2,O,12,monoclinic,12,0.0041,93226,78003,,,,,,,,,,,,,,,,,,,,,,,,,,,,,,,,,
La11Mn12O36,Mn,24,O,72,La,22,monoclinic,11,0.006,,,,,,,,,,,,,,,,,,,,,,,,,,,,,,,,,,,
Sr12Fe8O27,Sr,12,Fe,8,O,27,triclinic,2,0.0061,,,,,,,,,,,,,,,,,,,,,,,,,,,,,,,,,,,
La8Ni4O17,Ni,4,O,17,La,8,triclinic,1,0.0069,,,,,,,,,,,,,,,,,,,,,,,,,,,,,,,,,,,
Ba2(CuO2)3,O,12,Ba,4,Cu,6,orthorhombic,69,0.0074,,,,,,,,,,,,,,,,,,,,,,,,,,,,,,,,,,,
K3V14O28,K,6,O,56,V,28,tetragonal,87,0.0083,,,,,,,,,,,,,,,,,,,,,,,,,,,,,,,,,,,
BaMn4O8,Mn,4,Ba,1,O,8,tetragonal,87,0.0085,62096,,,,,,,,,,,,,,,,,,,,,,,,,,,,,,,,,,
K3Mn2O8,K,6,Mn,4,O,16,trigonal,166,0.0087,55420,165117,,,,,,,,,,,,,,,,,,,,,,,,,,,,,,,,,
Ca19(Cu12O23)2,Ca,19,O,46,Cu,24,triclinic,1,0.009,,,,,,,,,,,,,,,,,,,,,,,,,,,,,,,,,,,
La5Mn5O16,Mn,15,O,48,La,15,triclinic,1,0.01,,,,,,,,,,,,,,,,,,,,,,,,,,,,,,,,,,,
Ca7Cu17O24,Ca,7,O,24,Cu,17,orthorhombic,25,0.01,,,,,,,,,,,,,,,,,,,,,,,,,,,,,,,,,,,
La5Mn6O18,Mn,12,O,36,La,10,triclinic,2,0.0116,,,,,,,,,,,,,,,,,,,,,,,,,,,,,,,,,,,
Ba2Co9O14,Co,9,Ba,2,O,14,trigonal,166,0.0138,161771,240500,,,,,,,,,,,,,,,,,,,,,,,,,,,,,,,,,
KV6O11,K,2,O,22,V,12,hexagonal,194,0.015,410568,,,,,,,,,,,,,,,,,,,,,,,,,,,,,,,,,,
Sr2Cu3O5,Sr,2,O,5,Cu,3,orthorhombic,65,0.0152,50089,,,,,,,,,,,,,,,,,,,,,,,,,,,,,,,,,,
LaFe12O19,Fe,24,O,38,La,2,orthorhombic,63,0.0155,155494,,,,,,,,,,,,,,,,,,,,,,,,,,,,,,,,,,
La8Mn7O24,Mn,14,O,48,La,16,triclinic,2,0.016,,,,,,,,,,,,,,,,,,,,,,,,,,,,,,,,,,,
La14Mn15O48,Mn,15,O,48,La,14,triclinic,2,0.0161,,,,,,,,,,,,,,,,,,,,,,,,,,,,,,,,,,,
La14Mn13O42,Mn,13,O,42,La,14,trigonal,148,0.0198,,,,,,,,,,,,,,,,,,,,,,,,,,,,,,,,,,,
LaVO3,La,1,O,3,V,1,cubic,221,0.0206,28925,,,,,,,,,,,,,,,,,,,,,,,,,,,,,,,,,,
Sr2Co2O5,Sr,2,Co,2,O,5,tetragonal,139,0.0209,,,,,,,,,,,,,,,,,,,,,,,,,,,,,,,,,,,
Sr21Co14O43,Sr,21,Co,14,O,43,monoclinic,12,0.0217,,,,,,,,,,,,,,,,,,,,,,,,,,,,,,,,,,,
La17Mn17O54,Mn,17,O,54,La,17,triclinic,1,0.0231,,,,,,,,,,,,,,,,,,,,,,,,,,,,,,,,,,,
Sr2MnO4,Sr,2,Mn,1,O,4,tetragonal,139,0.0237,26560,26561,50794,,,,,,,,,,,,,,,,,,,,,,,,,,,,,,,,
Sr2Fe23O38,Sr,2,Fe,23,O,38,triclinic,1,0.0254,,,,,,,,,,,,,,,,,,,,,,,,,,,,,,,,,,,
K4Fe2O7,K,24,Fe,12,O,42,orthorhombic,26,0.0265,,,,,,,,,,,,,,,,,,,,,,,,,,,,,,,,,,,
BaFe15O23,Ba,2,O,46,Fe,30,trigonal,166,0.0268,24574,,,,,,,,,,,,,,,,,,,,,,,,,,,,,,,,,,
Ca5(CuO2)6,Ca,20,O,48,Cu,24,monoclinic,13,0.0287,,,,,,,,,,,,,,,,,,,,,,,,,,,,,,,,,,,
Sr2CrO4,Cr,1,O,4,Sr,2,tetragonal,139,0.029,245595,,,,,,,,,,,,,,,,,,,,,,,,,,,,,,,,,,
Sr14Fe14O39,Sr,14,Fe,14,O,39,triclinic,1,0.03,,,,,,,,,,,,,,,,,,,,,,,,,,,,,,,,,,,
Sr24Fe16O53,Sr,24,Fe,16,O,53,monoclinic,12,0.0309,,,,,,,,,,,,,,,,,,,,,,,,,,,,,,,,,,,
SrCrO3,Cr,1,O,3,Sr,1,cubic,221,0.0312,245834,108903,,,,,,,,,,,,,,,,,,,,,,,,,,,,,,,,,
La10Mn9O30,Mn,18,O,60,La,20,triclinic,2,0.0317,,,,,,,,,,,,,,,,,,,,,,,,,,,,,,,,,,,
La9Mn10O30,Mn,20,O,60,La,18,triclinic,2,0.0321,,,,,,,,,,,,,,,,,,,,,,,,,,,,,,,,,,,
Sr2Co2O5,Sr,2,Co,2,O,5,triclinic,1,0.0343,,,,,,,,,,,,,,,,,,,,,,,,,,,,,,,,,,,
BaFeO3,Ba,4,O,12,Fe,4,trigonal,160,0.0351,,,,,,,,,,,,,,,,,,,,,,,,,,,,,,,,,,,
La17Mn18O54,Mn,18,O,54,La,17,triclinic,1,0.0356,,,,,,,,,,,,,,,,,,,,,,,,,,,,,,,,,,,
Y2V2O7,Y,4,O,14,V,4,cubic,227,0.036,160600,,,,,,,,,,,,,,,,,,,,,,,,,,,,,,,,,,
La4(CoO3)3,Co,12,O,36,La,16,orthorhombic,62,0.0365,86177,,,,,,,,,,,,,,,,,,,,,,,,,,,,,,,,,,
LaCoO3,Co,2,O,6,La,2,trigonal,167,0.0367,201761,201762,201763,156452,201765,201766,201767,180176,167257,201764,,,,,,,,,,,,,,,,,,,,,,,,,
CaMn3O6,Ca,8,Mn,24,O,48,monoclinic,14,0.0374,172817,,,,,,,,,,,,,,,,,,,,,,,,,,,,,,,,,,
La7Mn8O24,Mn,16,O,48,La,14,triclinic,2,0.0375,,,,,,,,,,,,,,,,,,,,,,,,,,,,,,,,,,,
La12Mn11O36,Mn,22,O,72,La,24,monoclinic,14,0.0416,,,,,,,,,,,,,,,,,,,,,,,,,,,,,,,,,,,
Sr21Fe14O47,Sr,21,Fe,14,O,47,triclinic,2,0.0443,,,,,,,,,,,,,,,,,,,,,,,,,,,,,,,,,,,
Sr4Fe4O11,Sr,8,Fe,8,O,22,orthorhombic,58,0.0444,,,,,,,,,,,,,,,,,,,,,,,,,,,,,,,,,,,
La7Mn8O24,Mn,8,O,24,La,7,tetragonal,119,0.0449,,,,,,,,,,,,,,,,,,,,,,,,,,,,,,,,,,,
Sr4V3O10,Sr,4,O,10,V,3,tetragonal,139,0.0488,73698,,,,,,,,,,,,,,,,,,,,,,,,,,,,,,,,,,
La6Mn5O18,Mn,10,O,36,La,12,triclinic,2,0.0499,,,,,,,,,,,,,,,,,,,,,,,,,,,,,,,,,,,
Sr20V15O49,Sr,20,O,49,V,15,tetragonal,79,0.0535,,,,,,,,,,,,,,,,,,,,,,,,,,,,,,,,,,,
Sr4Fe6O13,Sr,8,Fe,12,O,26,orthorhombic,45,0.0578,201932,63621,,,,,,,,,,,,,,,,,,,,,,,,,,,,,,,,,
Ba10V10O29,Ba,20,O,58,V,20,triclinic,1,0.0602,,,,,,,,,,,,,,,,,,,,,,,,,,,,,,,,,,,
La12Ni6O25,Ni,6,O,25,La,12,triclinic,1,0.0603,,,,,,,,,,,,,,,,,,,,,,,,,,,,,,,,,,,
Sr3Cr2O7,Cr,2,O,7,Sr,3,monoclinic,12,0.0669,,,,,,,,,,,,,,,,,,,,,,,,,,,,,,,,,,,
Ca4Fe9O17,Ca,4,Fe,9,O,17,monoclinic,5,0.0726,32698,,,,,,,,,,,,,,,,,,,,,,,,,,,,,,,,,,
Ba5V5O14,Ba,5,O,14,V,5,trigonal,164,0.073,78163,78164,,,,,,,,,,,,,,,,,,,,,,,,,,,,,,,,,
KCoO2,K,2,Co,2,O,4,tetragonal,82,0.0806,4199,,,,,,,,,,,,,,,,,,,,,,,,,,,,,,,,,,
Sr24Fe16O55,Sr,24,Fe,16,O,55,monoclinic,12,0.0813,,,,,,,,,,,,,,,,,,,,,,,,,,,,,,,,,,,
Ca11Cr7O28,Cr,14,Ca,22,O,56,trigonal,161,0.0834,,,,,,,,,,,,,,,,,,,,,,,,,,,,,,,,,,,
La3(NiO3)2,Ni,2,O,6,La,3,tetragonal,139,0.0875,249209,,,,,,,,,,,,,,,,,,,,,,,,,,,,,,,,,,
SrV6O15,Sr,4,O,60,V,24,monoclinic,14,0.0889,98575,,,,,,,,,,,,,,,,,,,,,,,,,,,,,,,,,,
Y2Cu2O5,Y,8,O,20,Cu,8,orthorhombic,62,0.091,171704,51445,171703,,,,,,,,,,,,,,,,,,,,,,,,,,,,,,,,
La8Mn9O27,Mn,18,O,54,La,16,monoclinic,15,0.0916,,,,,,,,,,,,,,,,,,,,,,,,,,,,,,,,,,,
YCoO3,Y,4,Co,4,O,12,orthorhombic,62,0.0933,,,,,,,,,,,,,,,,,,,,,,,,,,,,,,,,,,,
KCr4O8,Cr,4,K,1,O,8,tetragonal,87,0.094,491,82276,,,,,,,,,,,,,,,,,,,,,,,,,,,,,,,,,
SrCo6O11,Sr,2,Co,12,O,22,hexagonal,194,0.0978,152279,,,,,,,,,,,,,,,,,,,,,,,,,,,,,,,,,,
SrCoO3,Sr,1,Co,1,O,3,cubic,221,0.0985,77142,,,,,,,,,,,,,,,,,,,,,,,,,,,,,,,,,,
Ca(CoO2)2,Ca,4,Co,8,O,16,orthorhombic,62,0.1162,245715,,,,,,,,,,,,,,,,,,,,,,,,,,,,,,,,,,
LaNiO2,Ni,1,O,2,La,1,tetragonal,123,0.1242,153058,47123,,,,,,,,,,,,,,,,,,,,,,,,,,,,,,,,,
SrV13O18,Sr,1,O,18,V,13,trigonal,148,0.1271,97949,,,,,,,,,,,,,,,,,,,,,,,,,,,,,,,,,,
Ba2Cr7O14,Cr,7,Ba,2,O,14,trigonal,166,0.1293,2766,,,,,,,,,,,,,,,,,,,,,,,,,,,,,,,,,,
Ba2Cr7O14,Cr,7,Ba,2,O,14,trigonal,166,0.1293,2766,,,,,,,,,,,,,,,,,,,,,,,,,,,,,,,,,,
Y(FeO2)2,Y,3,Fe,6,O,12,monoclinic,12,0.1404,,,,,,,,,,,,,,,,,,,,,,,,,,,,,,,,,,,
BaFeO3,Ba,1,O,3,Fe,1,cubic,221,0.1485,29096,262131,262132,28917,28918,,,,,,,,,,,,,,,,,,,,,,,,,,,,,,
BaV13O18,Ba,1,O,18,V,13,trigonal,148,0.1564,51472,97948,,,,,,,,,,,,,,,,,,,,,,,,,,,,,,,,,
Sr2Co2O5,Sr,4,Co,4,O,10,triclinic,1,0.1615,162241,,,,,,,,,,,,,,,,,,,,,,,,,,,,,,,,,,
La5Mn5O18,Mn,5,O,18,La,5,triclinic,1,0.1632,,,,,,,,,,,,,,,,,,,,,,,,,,,,,,,,,,,
Sr5(CoO3)4,Sr,30,Co,24,O,72,trigonal,165,0.1645,,,,,,,,,,,,,,,,,,,,,,,,,,,,,,,,,,,
Sr16Cu8O23,Sr,16,O,23,Cu,8,triclinic,2,0.1748,,,,,,,,,,,,,,,,,,,,,,,,,,,,,,,,,,,
Sr2CuO3,Sr,2,O,3,Cu,1,orthorhombic,71,0.2071,151808,151809,151810,151811,151812,202993,15127,246686,151807,,,,,,,,,,,,,,,,,,,,,,,,,,
K(CoO2)2,K,4,Co,8,O,16,orthorhombic,59,0.2165,,,,,,,,,,,,,,,,,,,,,,,,,,,,,,,,,,,
Ca3Mn2O7,Ca,6,Mn,4,O,14,orthorhombic,63,0.2275,96697,,,,,,,,,,,,,,,,,,,,,,,,,,,,,,,,,,
Sr12Co10O27,Sr,12,Co,10,O,27,triclinic,1,0.2284,,,,,,,,,,,,,,,,,,,,,,,,,,,,,,,,,,,
CaVO3,Ca,4,O,12,V,4,orthorhombic,62,0.2354,81056,88978,,,,,,,,,,,,,,,,,,,,,,,,,,,,,,,,,
La18Ni12O41,Ni,12,O,41,La,18,monoclinic,8,0.2414,,,,,,,,,,,,,,,,,,,,,,,,,,,,,,,,,,,
K3FeO4,K,12,Fe,4,O,16,orthorhombic,62,0.2433,65977,,,,,,,,,,,,,,,,,,,,,,,,,,,,,,,,,,
SrVO3,Sr,1,O,3,V,1,cubic,221,0.2447,108826,96291,88982,,,,,,,,,,,,,,,,,,,,,,,,,,,,,,,,
La2CuO4,O,4,Cu,1,La,2,tetragonal,139,0.2469,81152,173892,173894,41643,56528,73909,73910,73911,73912,73913,19003,67836,68381,,,,,,,,,,,,,,,,,,,,,,
LaMnO3,Mn,4,O,12,La,4,orthorhombic,62,0.2501,,,,,,,,,,,,,,,,,,,,,,,,,,,,,,,,,,,
La16Cu8O31,O,31,Cu,8,La,16,triclinic,1,0.2526,,,,,,,,,,,,,,,,,,,,,,,,,,,,,,,,,,,
La8Ni4O17,Ni,8,O,34,La,16,monoclinic,5,0.2649,73921,73922,,,,,,,,,,,,,,,,,,,,,,,,,,,,,,,,,
YCrO4,Y,2,Cr,2,O,8,tetragonal,141,0.2676,95971,157933,26989,,,,,,,,,,,,,,,,,,,,,,,,,,,,,,,,
Ca4Mn4O11,Ca,8,Mn,8,O,22,monoclinic,4,0.2833,,,,,,,,,,,,,,,,,,,,,,,,,,,,,,,,,,,
Ba(NiO2)4,Ni,4,Ba,1,O,8,trigonal,166,0.2846,20898,,,,,,,,,,,,,,,,,,,,,,,,,,,,,,,,,,
La4CoO8,Co,1,O,8,La,4,orthorhombic,65,0.2972,,,,,,,,,,,,,,,,,,,,,,,,,,,,,,,,,,,
KMn2O4,K,2,Mn,4,O,8,monoclinic,11,0.3196,,,,,,,,,,,,,,,,,,,,,,,,,,,,,,,,,,,
Y2Cu2O5,Y,8,O,20,Cu,8,orthorhombic,33,0.3311,202877,63306,72058,79429,67119,,,,,,,,,,,,,,,,,,,,,,,,,,,,,,
SrFeO3,Sr,1,Fe,1,O,3,cubic,221,0.332,163228,91062,92335,,,,,,,,,,,,,,,,,,,,,,,,,,,,,,,,
KMn4O8,K,1,Mn,4,O,8,triclinic,1,0.3523,,,,,,,,,,,,,,,,,,,,,,,,,,,,,,,,,,,
BaMn4O8,Mn,24,Ba,6,O,48,triclinic,2,0.3572,,,,,,,,,,,,,,,,,,,,,,,,,,,,,,,,,,,
KV12O30,K,2,O,60,V,24,hexagonal,192,0.3672,,,,,,,,,,,,,,,,,,,,,,,,,,,,,,,,,,,
Ca2MnO4,Ca,8,Mn,4,O,16,tetragonal,142,0.371,99523,74341,74342,74343,74344,74345,74346,74347,86646,62167,51582,50789,,,,,,,,,,,,,,,,,,,,,,,
Sr(NiO2)4,Ni,4,O,8,Sr,1,trigonal,166,0.3718,40469,,,,,,,,,,,,,,,,,,,,,,,,,,,,,,,,,,
La4Mn4O11,Mn,8,O,22,La,8,monoclinic,7,0.3814,,,,,,,,,,,,,,,,,,,,,,,,,,,,,,,,,,,
LaMnO3,Mn,1,O,3,La,1,cubic,221,0.3843,29119,,,,,,,,,,,,,,,,,,,,,,,,,,,,,,,,,,
CaCuO2,Ca,1,O,2,Cu,1,tetragonal,123,0.388,86544,93652,75868,,,,,,,,,,,,,,,,,,,,,,,,,,,,,,,,
Ba8Mn8O21,Mn,8,Ba,8,O,21,monoclinic,6,0.3972,,,,,,,,,,,,,,,,,,,,,,,,,,,,,,,,,,,
SrFeO2,Sr,1,Fe,1,O,2,tetragonal,123,0.398,173434,418603,418605,418606,,,,,,,,,,,,,,,,,,,,,,,,,,,,,,,
YMnO3,Y,4,Mn,4,O,12,orthorhombic,62,0.4052,56617,166217,162207,,,,,,,,,,,,,,,,,,,,,,,,,,,,,,,,
Sr2Co2O5,Sr,8,Co,8,O,20,orthorhombic,62,0.4107,162239,,,,,,,,,,,,,,,,,,,,,,,,,,,,,,,,,,
K2Mn2O3,K,4,Mn,4,O,6,monoclinic,14,0.4197,61038,,,,,,,,,,,,,,,,,,,,,,,,,,,,,,,,,,
CaFeO2,Ca,2,Fe,2,O,4,tetragonal,123,0.4243,246245,173438,,,,,,,,,,,,,,,,,,,,,,,,,,,,,,,,,
Ca2CrO8,Cr,2,Ca,4,O,16,monoclinic,8,0.4244,151682,,,,,,,,,,,,,,,,,,,,,,,,,,,,,,,,,,
Sr16V8O31,Sr,16,O,31,V,8,triclinic,2,0.4336,,,,,,,,,,,,,,,,,,,,,,,,,,,,,,,,,,,
Sr2Mn2O5,Sr,4,Mn,4,O,10,orthorhombic,55,0.4341,90183,90184,417806,417807,417808,417809,417810,417811,417812,417813,417814,417815,417816,417817,417818,,,,,,,,,,,,,,,,,,,,
Ca2Mn2O5,Ca,4,Mn,4,O,10,orthorhombic,55,0.4344,35130,35219,,,,,,,,,,,,,,,,,,,,,,,,,,,,,,,,,
K2MnO4,K,8,Mn,4,O,16,orthorhombic,62,0.4381,22245,,,,,,,,,,,,,,,,,,,,,,,,,,,,,,,,,,
Sr16Mn8O29,Sr,16,Mn,8,O,29,triclinic,1,0.4503,,,,,,,,,,,,,,,,,,,,,,,,,,,,,,,,,,,
BaMn2O3,Mn,2,Ba,1,O,3,orthorhombic,71,0.4586,10038,,,,,,,,,,,,,,,,,,,,,,,,,,,,,,,,,,
Ca(NiO2)4,Ni,4,Ca,1,O,8,trigonal,166,0.4838,40470,,,,,,,,,,,,,,,,,,,,,,,,,,,,,,,,,,
Ca3Mn2O7,Ca,6,Mn,4,O,14,orthorhombic,36,0.4839,55666,280795,96698,,,,,,,,,,,,,,,,,,,,,,,,,,,,,,,,
Y2V2O7,Y,2,O,7,V,2,monoclinic,12,0.4869,,,,,,,,,,,,,,,,,,,,,,,,,,,,,,,,,,,
Sr6(CoO3)5,Sr,6,Co,5,O,15,trigonal,155,0.4873,81312,173698,173699,173700,173701,173702,155311,181958,,,,,,,,,,,,,,,,,,,,,,,,,,,
Sr13Mn8O30,Sr,13,Mn,8,O,30,triclinic,1,0.4974,,,,,,,,,,,,,,,,,,,,,,,,,,,,,,,,,,,
KCoO2,K,2,Co,2,O,4,monoclinic,12,0.5055,,,,,,,,,,,,,,,,,,,,,,,,,,,,,,,,,,,
Sr3(FeO3)2,Sr,3,Fe,2,O,6,tetragonal,139,0.507,74434,249014,249015,,,,,,,,,,,,,,,,,,,,,,,,,,,,,,,,
CaMn7O8,Ca,1,Mn,7,O,8,monoclinic,12,0.5139,,,,,,,,,,,,,,,,,,,,,,,,,,,,,,,,,,,
Ba2FeO4,Ba,8,O,16,Fe,4,monoclinic,14,0.5184,281028,,,,,,,,,,,,,,,,,,,,,,,,,,,,,,,,,,
K6Cr2O9,Cr,2,K,6,O,9,monoclinic,8,0.5381,,,,,,,,,,,,,,,,,,,,,,,,,,,,,,,,,,,
CaMnO3,Ca,4,Mn,4,O,12,orthorhombic,62,0.5402,157059,157060,35218,153237,153238,153239,169379,160305,92083,50997,161463,161464,161465,161466,161467,161468,161469,162110,161471,161472,165699,166856,181177,94058,93036,86645,161470,,,,,,,,
Ba8(CoO3)7,Co,14,Ba,16,O,42,orthorhombic,43,0.5404,,,,,,,,,,,,,,,,,,,,,,,,,,,,,,,,,,,
La4Ni3O8,Ni,3,O,8,La,4,tetragonal,139,0.5573,173372,,,,,,,,,,,,,,,,,,,,,,,,,,,,,,,,,,
Sr2CoO3,Sr,2,Co,1,O,3,monoclinic,12,0.5811,99894,,,,,,,,,,,,,,,,,,,,,,,,,,,,,,,,,,
SrCrO3,Cr,14,O,42,Sr,14,orthorhombic,40,0.5876,,,,,,,,,,,,,,,,,,,,,,,,,,,,,,,,,,,
KV13O20,K,2,O,40,V,26,triclinic,2,0.5907,,,,,,,,,,,,,,,,,,,,,,,,,,,,,,,,,,,
Sr3V2O7,Sr,3,O,7,V,2,tetragonal,139,0.5916,71320,71451,,,,,,,,,,,,,,,,,,,,,,,,,,,,,,,,,
K2MnO4,K,8,Mn,4,O,16,monoclinic,14,0.6044,,,,,,,,,,,,,,,,,,,,,,,,,,,,,,,,,,,
Ca5Mn8O13,Ca,5,Mn,8,O,13,trigonal,160,0.6095,,,,,,,,,,,,,,,,,,,,,,,,,,,,,,,,,,,
Ca4Mn3O10,Ca,16,Mn,12,O,40,orthorhombic,61,0.6109,86648,85669,85670,,,,,,,,,,,,,,,,,,,,,,,,,,,,,,,,
CaCrO3,Cr,4,Ca,4,O,12,orthorhombic,62,0.6157,245840,,,,,,,,,,,,,,,,,,,,,,,,,,,,,,,,,,
Sr16V12O39,Sr,16,O,39,V,12,triclinic,1,0.6273,,,,,,,,,,,,,,,,,,,,,,,,,,,,,,,,,,,
SrCuO2,Sr,1,O,2,Cu,1,tetragonal,123,0.6403,80751,,,,,,,,,,,,,,,,,,,,,,,,,,,,,,,,,,
K2CoO2,K,8,Co,4,O,8,monoclinic,14,0.6702,74940,,,,,,,,,,,,,,,,,,,,,,,,,,,,,,,,,,
BaMnO3,Mn,4,Ba,4,O,12,hexagonal,194,0.6737,23874,,,,,,,,,,,,,,,,,,,,,,,,,,,,,,,,,,
BaV13O18,Ba,1,O,18,V,13,triclinic,2,0.6831,97948,,,,,,,,,,,,,,,,,,,,,,,,,,,,,,,,,,
YCrO4,Y,2,Cr,2,O,8,tetragonal,88,0.6873,157934,,,,,,,,,,,,,,,,,,,,,,,,,,,,,,,,,,
SrCrO3,Cr,6,O,18,Sr,6,orthorhombic,40,0.6901,,,,,,,,,,,,,,,,,,,,,,,,,,,,,,,,,,,
Ba(Fe2O3)9,Ba,2,O,54,Fe,36,hexagonal,194,0.7012,24573,29062,,,,,,,,,,,,,,,,,,,,,,,,,,,,,,,,,
La2CoO4,Co,2,O,8,La,4,tetragonal,139,0.7092,16404,,,,,,,,,,,,,,,,,,,,,,,,,,,,,,,,,,
Ba5V5O14,Ba,10,O,28,V,10,triclinic,1,0.7356,,,,,,,,,,,,,,,,,,,,,,,,,,,,,,,,,,,
BaMnO3,Mn,8,Ba,8,O,24,hexagonal,194,0.7428,10250,,,,,,,,,,,,,,,,,,,,,,,,,,,,,,,,,,
Sr2Fe2O5,Sr,4,Fe,4,O,10,orthorhombic,46,0.7521,51328,51329,51330,51331,14150,51318,51319,51320,51321,51322,51323,51324,51325,51326,51327,,,,,,,,,,,,,,,,,,,,
K6Co2O5,K,12,Co,4,O,10,tetragonal,136,0.7548,409792,,,,,,,,,,,,,,,,,,,,,,,,,,,,,,,,,,
Ba2Cu2O5,O,20,Ba,8,Cu,8,orthorhombic,33,0.7701,,,,,,,,,,,,,,,,,,,,,,,,,,,,,,,,,,,
SrCrO3,Cr,4,O,12,Sr,4,orthorhombic,40,0.7904,,,,,,,,,,,,,,,,,,,,,,,,,,,,,,,,,,,
BaMnO3,Mn,6,Ba,6,O,18,hexagonal,187,0.8081,,,,,,,,,,,,,,,,,,,,,,,,,,,,,,,,,,,
La2NiO4,Ni,1,O,4,La,2,tetragonal,139,0.8103,33536,98560,98562,93921,16740,169445,98561,2569,78338,158830,69172,44121,201940,1179,56317,,,,,,,,,,,,,,,,,,,,
SrMnO3,Sr,4,Mn,4,O,12,hexagonal,194,0.8108,157935,202615,,,,,,,,,,,,,,,,,,,,,,,,,,,,,,,,,
Ba8Co7O19,Co,14,Ba,16,O,38,triclinic,1,0.8183,,,,,,,,,,,,,,,,,,,,,,,,,,,,,,,,,,,
K4Co2O5,K,8,Co,4,O,10,tetragonal,136,0.8295,,,,,,,,,,,,,,,,,,,,,,,,,,,,,,,,,,,
BaV10O15,Ba,2,O,30,V,20,orthorhombic,64,0.8319,82099,14173,413302,,,,,,,,,,,,,,,,,,,,,,,,,,,,,,,,
Sr4Cu2O7,Sr,8,O,14,Cu,4,monoclinic,14,0.8323,,,,,,,,,,,,,,,,,,,,,,,,,,,,,,,,,,,
Sr24Ni19O54,Ni,19,O,54,Sr,24,triclinic,1,0.8414,,,,,,,,,,,,,,,,,,,,,,,,,,,,,,,,,,,
Sr9Cr5O18,Cr,10,O,36,Sr,18,orthorhombic,36,0.8516,91252,,,,,,,,,,,,,,,,,,,,,,,,,,,,,,,,,,
KCuO2,K,2,O,4,Cu,2,orthorhombic,63,0.8605,203081,202997,15095,,,,,,,,,,,,,,,,,,,,,,,,,,,,,,,,
Sr3Fe2O5,Sr,3,Fe,2,O,5,orthorhombic,71,0.8606,420234,420235,,,,,,,,,,,,,,,,,,,,,,,,,,,,,,,,,
BaMnO3,Mn,5,Ba,5,O,15,trigonal,166,0.8679,,,,,,,,,,,,,,,,,,,,,,,,,,,,,,,,,,,
La4NiO8,Ni,1,O,8,La,4,orthorhombic,65,0.868,,,,,,,,,,,,,,,,,,,,,,,,,,,,,,,,,,,
Ca2Fe2O5,Ca,8,Fe,8,O,20,orthorhombic,62,0.8683,27808,98822,161509,161510,161511,161512,161513,26474,161515,88989,155632,15059,14296,88986,88987,88988,161514,27111,,,,,,,,,,,,,,,,,
Y2Mn2O7,Y,4,Mn,4,O,14,cubic,227,0.8711,202516,56516,,,,,,,,,,,,,,,,,,,,,,,,,,,,,,,,,
La4CoO8,Co,2,O,16,La,8,tetragonal,141,0.8838,,,,,,,,,,,,,,,,,,,,,,,,,,,,,,,,,,,
La2CoO4,Co,2,O,8,La,4,orthorhombic,64,0.8839,16404,,,,,,,,,,,,,,,,,,,,,,,,,,,,,,,,,,
BaMnO3,Mn,3,Ba,3,O,9,trigonal,166,0.8953,66822,,,,,,,,,,,,,,,,,,,,,,,,,,,,,,,,,,
BaV6O11,Ba,2,O,22,V,12,orthorhombic,63,0.9087,260348,,,,,,,,,,,,,,,,,,,,,,,,,,,,,,,,,,
Ca3V10O25,Ca,6,O,50,V,20,triclinic,1,0.9212,,,,,,,,,,,,,,,,,,,,,,,,,,,,,,,,,,,
SrV10O15,Sr,2,O,30,V,20,orthorhombic,64,0.9269,15273,,,,,,,,,,,,,,,,,,,,,,,,,,,,,,,,,,
CaV2O4,Ca,4,O,16,V,8,orthorhombic,62,0.9624,164185,164186,164187,164188,27925,,,,,,,,,,,,,,,,,,,,,,,,,,,,,,
LaFe12O19,Fe,24,O,38,La,2,hexagonal,194,0.963,155493,,,,,,,,,,,,,,,,,,,,,,,,,,,,,,,,,,
KCoO2,K,2,Co,2,O,4,tetragonal,129,0.9921,15770,,,,,,,,,,,,,,,,,,,,,,,,,,,,,,,,,,
SrMnO3,Sr,4,Mn,4,O,12,orthorhombic,20,0.9944,157936,,,,,,,,,,,,,,,,,,,,,,,,,,,,,,,,,,
LaVO3,La,4,O,12,V,4,orthorhombic,62,0.998,63520,73898,73899,73900,73901,86554,86557,,,,,,,,,,,,,,,,,,,,,,,,,,,,
LaMnO3,Mn,4,O,12,La,4,monoclinic,14,0.9984,162003,,,,,,,,,,,,,,,,,,,,,,,,,,,,,,,,,,
BaCoO2,Co,3,Ba,3,O,6,trigonal,152,1.0028,25813,,,,,,,,,,,,,,,,,,,,,,,,,,,,,,,,,,
Ca2Cu2O5,Ca,8,O,20,Cu,8,orthorhombic,33,1.0059,,,,,,,,,,,,,,,,,,,,,,,,,,,,,,,,,,,
La11V4O26,La,11,O,26,V,4,triclinic,2,1.0185,80519,,,,,,,,,,,,,,,,,,,,,,,,,,,,,,,,,,
Ba5Mn5O14,Mn,10,Ba,10,O,28,orthorhombic,40,1.0222,,,,,,,,,,,,,,,,,,,,,,,,,,,,,,,,,,,
LaCrO4,Cr,4,O,16,La,4,monoclinic,14,1.0296,81938,,,,,,,,,,,,,,,,,,,,,,,,,,,,,,,,,,
Ba8Mn8O23,Mn,8,Ba,8,O,23,orthorhombic,38,1.037,,,,,,,,,,,,,,,,,,,,,,,,,,,,,,,,,,,
BaV4O9,Ba,2,O,18,V,8,monoclinic,13,1.0483,173000,173001,173002,172998,172999,,,,,,,,,,,,,,,,,,,,,,,,,,,,,,
Ca2Fe2O5,Ca,4,Fe,4,O,10,triclinic,2,1.0489,,,,,,,,,,,,,,,,,,,,,,,,,,,,,,,,,,,
Y2V2O7,Y,4,O,14,V,4,cubic,227,1.0612,160865,,,,,,,,,,,,,,,,,,,,,,,,,,,,,,,,,,
YMn2O5,Y,4,Mn,8,O,20,orthorhombic,55,1.0726,167328,165869,165870,159271,,,,,,,,,,,,,,,,,,,,,,,,,,,,,,,
K6Co2O7,K,12,Co,4,O,14,monoclinic,14,1.0823,6153,35367,,,,,,,,,,,,,,,,,,,,,,,,,,,,,,,,,
KV6O14,K,2,O,28,V,12,triclinic,2,1.0927,,,,,,,,,,,,,,,,,,,,,,,,,,,,,,,,,,,
Ca(Fe2O3)2,Ca,2,Fe,8,O,12,orthorhombic,63,1.0958,16355,,,,,,,,,,,,,,,,,,,,,,,,,,,,,,,,,,
Ba2CoO4,Co,4,Ba,8,O,16,orthorhombic,62,1.0982,16234,,,,,,,,,,,,,,,,,,,,,,,,,,,,,,,,,,
La4FeO8,Fe,1,O,8,La,4,orthorhombic,65,1.0986,,,,,,,,,,,,,,,,,,,,,,,,,,,,,,,,,,,
SrFe12O19,Sr,2,Fe,24,O,38,hexagonal,194,1.1186,16158,69023,,,,,,,,,,,,,,,,,,,,,,,,,,,,,,,,,
LaMn2O5,Mn,8,O,20,La,4,orthorhombic,55,1.1301,84668,84350,,,,,,,,,,,,,,,,,,,,,,,,,,,,,,,,,
Ba4Mn3O10,Mn,6,Ba,8,O,20,orthorhombic,64,1.1454,51881,51882,51883,,,,,,,,,,,,,,,,,,,,,,,,,,,,,,,,
K3FeO2,K,12,Fe,4,O,8,tetragonal,92,1.1592,73215,,,,,,,,,,,,,,,,,,,,,,,,,,,,,,,,,,
CaNiO3,Ni,2,Ca,2,O,6,hexagonal,186,1.1857,,,,,,,,,,,,,,,,,,,,,,,,,,,,,,,,,,,
Sr7Mn4O13,Sr,14,Mn,8,O,26,monoclinic,14,1.1903,160291,,,,,,,,,,,,,,,,,,,,,,,,,,,,,,,,,,
Sr18Ni13O42,Ni,13,O,42,Sr,18,trigonal,146,1.1957,,,,,,,,,,,,,,,,,,,,,,,,,,,,,,,,,,,
BaFe12O19,Ba,2,O,38,Fe,24,hexagonal,194,1.2163,60986,16157,,,,,,,,,,,,,,,,,,,,,,,,,,,,,,,,,
Ba2CoO4,Co,4,Ba,8,O,16,monoclinic,14,1.2213,,,,,,,,,,,,,,,,,,,,,,,,,,,,,,,,,,,
K3CrO4,Cr,2,K,6,O,8,tetragonal,121,1.2285,108934,,,,,,,,,,,,,,,,,,,,,,,,,,,,,,,,,,
K3CrO4,Cr,1,K,3,O,4,tetragonal,121,1.2286,108934,,,,,,,,,,,,,,,,,,,,,,,,,,,,,,,,,,
LaFeO3,Fe,1,O,3,La,1,cubic,221,1.2312,29118,,,,,,,,,,,,,,,,,,,,,,,,,,,,,,,,,,
CaFe5O7,Ca,2,Fe,10,O,14,orthorhombic,63,1.2312,16356,,,,,,,,,,,,,,,,,,,,,,,,,,,,,,,,,,
KCuO,K,4,O,4,Cu,4,tetragonal,139,1.2469,37325,40158,25695,,,,,,,,,,,,,,,,,,,,,,,,,,,,,,,,
BaFe4O7,Ba,2,O,14,Fe,8,hexagonal,176,1.2527,2529,2530,,,,,,,,,,,,,,,,,,,,,,,,,,,,,,,,,
Ba6(NiO3)5,Ni,5,Ba,6,O,15,trigonal,155,1.2614,78016,,,,,,,,,,,,,,,,,,,,,,,,,,,,,,,,,,
K2V8O21,K,2,O,21,V,8,monoclinic,12,1.2759,154164,,,,,,,,,,,,,,,,,,,,,,,,,,,,,,,,,,
CaFe3O5,Ca,2,Fe,6,O,10,orthorhombic,63,1.2761,16354,,,,,,,,,,,,,,,,,,,,,,,,,,,,,,,,,,
Ca4Mn2O7,Ca,8,Mn,4,O,14,orthorhombic,64,1.285,62168,103352,,,,,,,,,,,,,,,,,,,,,,,,,,,,,,,,,
La4MnO8,Mn,2,O,16,La,8,tetragonal,141,1.2887,,,,,,,,,,,,,,,,,,,,,,,,,,,,,,,,,,,
Ba6Mn5O16,Mn,10,Ba,12,O,32,orthorhombic,64,1.2983,97017,,,,,,,,,,,,,,,,,,,,,,,,,,,,,,,,,,
Sr4Mn3O10,Sr,8,Mn,6,O,20,orthorhombic,64,1.303,92283,40301,,,,,,,,,,,,,,,,,,,,,,,,,,,,,,,,,
BaV8O21,Ba,2,O,42,V,16,triclinic,2,1.3112,,,,,,,,,,,,,,,,,,,,,,,,,,,,,,,,,,,
K6Fe2O5,K,6,Fe,2,O,5,monoclinic,8,1.314,,,,,,,,,,,,,,,,,,,,,,,,,,,,,,,,,,,
LaMnO3,Mn,4,O,12,La,4,monoclinic,14,1.3151,162003,,,,,,,,,,,,,,,,,,,,,,,,,,,,,,,,,,
LaFeO3,Fe,4,O,12,La,4,orthorhombic,62,1.3629,160736,153536,166178,158825,93611,84941,78062,180178,164083,28255,,,,,,,,,,,,,,,,,,,,,,,,,
K3(NiO2)2,Ni,4,K,6,O,8,orthorhombic,63,1.3664,14157,,,,,,,,,,,,,,,,,,,,,,,,,,,,,,,,,,
La4MnO8,Mn,1,O,8,La,4,orthorhombic,65,1.3676,,,,,,,,,,,,,,,,,,,,,,,,,,,,,,,,,,,
Sr7Mn4O15,Sr,14,Mn,8,O,30,monoclinic,14,1.3692,72332,,,,,,,,,,,,,,,,,,,,,,,,,,,,,,,,,,
Ba(CuO)2,O,4,Ba,2,Cu,4,tetragonal,141,1.3793,9456,,,,,,,,,,,,,,,,,,,,,,,,,,,,,,,,,,
YCoO3,Y,4,Co,4,O,12,orthorhombic,62,1.4119,155834,155835,155836,155837,155838,,,,,,,,,,,,,,,,,,,,,,,,,,,,,,
CaMn2O4,Ca,8,Mn,16,O,32,orthorhombic,57,1.4165,280514,34117,96243,96244,93749,93750,,,,,,,,,,,,,,,,,,,,,,,,,,,,,
Ba2Fe2O5,Ba,28,O,70,Fe,28,monoclinic,14,1.4196,66486,,,,,,,,,,,,,,,,,,,,,,,,,,,,,,,,,,
K10Co4O9,K,10,Co,4,O,9,triclinic,1,1.435,,,,,,,,,,,,,,,,,,,,,,,,,,,,,,,,,,,
KVO2,K,1,O,2,V,1,trigonal,164,1.4364,,,,,,,,,,,,,,,,,,,,,,,,,,,,,,,,,,,
Ca2Mn3O8,Ca,2,Mn,3,O,8,monoclinic,12,1.4427,24847,,,,,,,,,,,,,,,,,,,,,,,,,,,,,,,,,,
BaNiO3,Ni,2,Ba,2,O,6,hexagonal,194,1.4692,30661,175,,,,,,,,,,,,,,,,,,,,,,,,,,,,,,,,,
BaNiO3,Ni,2,Ba,2,O,6,hexagonal,186,1.4755,15761,,,,,,,,,,,,,,,,,,,,,,,,,,,,,,,,,,
Ba3CrO5,Cr,2,Ba,6,O,10,tetragonal,140,1.5029,73893,,,,,,,,,,,,,,,,,,,,,,,,,,,,,,,,,,
La2NiO4,Ni,4,O,16,La,8,tetragonal,138,1.5036,65920,69753,63396,56319,,,,,,,,,,,,,,,,,,,,,,,,,,,,,,,
K2FeO4,K,8,Fe,4,O,16,orthorhombic,62,1.5215,2876,32756,,,,,,,,,,,,,,,,,,,,,,,,,,,,,,,,,
K3CuO2,K,24,O,16,Cu,8,tetragonal,92,1.5216,48180,,,,,,,,,,,,,,,,,,,,,,,,,,,,,,,,,,
Ba2VO4,Ba,8,O,16,V,4,monoclinic,14,1.5245,72625,40708,,,,,,,,,,,,,,,,,,,,,,,,,,,,,,,,,
Ca(CuO)2,Ca,2,O,4,Cu,4,tetragonal,141,1.5254,,,,,,,,,,,,,,,,,,,,,,,,,,,,,,,,,,,
Sr2VO4,Sr,16,O,32,V,8,orthorhombic,33,1.5284,,,,,,,,,,,,,,,,,,,,,,,,,,,,,,,,,,,
Sr2VO4,Sr,16,O,32,V,8,orthorhombic,33,1.5296,80601,,,,,,,,,,,,,,,,,,,,,,,,,,,,,,,,,,
K3CoO2,K,12,Co,4,O,8,orthorhombic,62,1.5331,73212,,,,,,,,,,,,,,,,,,,,,,,,,,,,,,,,,,
La2NiO4,Ni,2,O,8,La,4,orthorhombic,64,1.5482,50244,63398,56318,69752,69754,69755,67838,,,,,,,,,,,,,,,,,,,,,,,,,,,,
K3Cu5O4,K,12,O,16,Cu,20,monoclinic,14,1.5556,94387,,,,,,,,,,,,,,,,,,,,,,,,,,,,,,,,,,
YFeO3,Y,4,Fe,4,O,12,orthorhombic,62,1.5605,80865,80866,43260,,,,,,,,,,,,,,,,,,,,,,,,,,,,,,,,
YVO3,Y,4,O,12,V,4,orthorhombic,62,1.5639,246953,246954,155476,155477,155478,155479,155480,95577,95578,95579,,,,,,,,,,,,,,,,,,,,,,,,,
K3NiO2,Ni,4,K,12,O,8,tetragonal,92,1.5665,73216,,,,,,,,,,,,,,,,,,,,,,,,,,,,,,,,,,
Y4Cu2O7,Y,4,O,7,Cu,2,monoclinic,12,1.5679,,,,,,,,,,,,,,,,,,,,,,,,,,,,,,,,,,,
Ba3Mn2O8,Mn,2,Ba,3,O,8,trigonal,166,1.5797,280045,,,,,,,,,,,,,,,,,,,,,,,,,,,,,,,,,,
Ba2V3O9,Ba,4,O,18,V,6,monoclinic,4,1.593,404713,,,,,,,,,,,,,,,,,,,,,,,,,,,,,,,,,,
Ca2CoO3,Ca,2,Co,1,O,3,monoclinic,12,1.5957,95439,,,,,,,,,,,,,,,,,,,,,,,,,,,,,,,,,,
Ba2MnO3,Mn,4,Ba,8,O,12,monoclinic,15,1.6203,15508,,,,,,,,,,,,,,,,,,,,,,,,,,,,,,,,,,
K3MnO3,K,12,Mn,4,O,12,monoclinic,14,1.6432,34392,2488,,,,,,,,,,,,,,,,,,,,,,,,,,,,,,,,,
SrV4O10,Sr,2,O,20,V,8,triclinic,2,1.6631,408096,,,,,,,,,,,,,,,,,,,,,,,,,,,,,,,,,,
Ba2Fe6O11,Ba,8,O,44,Fe,24,orthorhombic,58,1.6763,10103,,,,,,,,,,,,,,,,,,,,,,,,,,,,,,,,,,
Ca(FeO2)2,Ca,4,Fe,8,O,16,orthorhombic,62,1.7306,166080,166081,28177,159751,166077,166065,166066,166067,166068,166069,166070,16695,166072,166073,166074,166075,166076,166071,166078,166079,,,,,,,,,,,,,,,
SrNiO2,Ni,2,O,4,Sr,2,orthorhombic,63,1.735,36123,,,,,,,,,,,,,,,,,,,,,,,,,,,,,,,,,,
Sr2V3O9,Sr,4,O,18,V,6,triclinic,1,1.7399,,,,,,,,,,,,,,,,,,,,,,,,,,,,,,,,,,,
LaFeO3,Fe,4,O,12,La,4,orthorhombic,31,1.7426,163226,,,,,,,,,,,,,,,,,,,,,,,,,,,,,,,,,,
Ba(FeO2)2,Ba,4,O,16,Fe,8,orthorhombic,36,1.7429,171001,9121,,,,,,,,,,,,,,,,,,,,,,,,,,,,,,,,,
Ba(FeO2)2,Ba,2,O,8,Fe,4,hexagonal,182,1.75,2769,,,,,,,,,,,,,,,,,,,,,,,,,,,,,,,,,,
Sr2V3O9,Sr,8,O,36,V,12,monoclinic,14,1.7636,,,,,,,,,,,,,,,,,,,,,,,,,,,,,,,,,,,
K3CrO8,Cr,1,K,3,O,8,tetragonal,121,1.7841,23536,9356,30404,280253,9676,,,,,,,,,,,,,,,,,,,,,,,,,,,,,,
Ba2CrO4,Cr,4,Ba,8,O,16,orthorhombic,33,1.7989,6133,,,,,,,,,,,,,,,,,,,,,,,,,,,,,,,,,,
K3V3O8,K,3,O,8,V,3,trigonal,164,1.8032,100782,,,,,,,,,,,,,,,,,,,,,,,,,,,,,,,,,,
Sr(CuO)2,Sr,2,O,4,Cu,4,tetragonal,141,1.8083,25002,,,,,,,,,,,,,,,,,,,,,,,,,,,,,,,,,,
KCr3O8,Cr,3,K,1,O,8,monoclinic,12,1.8261,15921,15898,246524,82621,,,,,,,,,,,,,,,,,,,,,,,,,,,,,,,
BaMn2O8,Mn,4,Ba,2,O,16,orthorhombic,70,1.8622,23443,,,,,,,,,,,,,,,,,,,,,,,,,,,,,,,,,,
BaV3O8,Ba,2,O,16,V,6,monoclinic,11,1.8698,82063,,,,,,,,,,,,,,,,,,,,,,,,,,,,,,,,,,
K2Cr4O13,Cr,8,K,4,O,26,monoclinic,7,1.8731,171184,24987,166636,,,,,,,,,,,,,,,,,,,,,,,,,,,,,,,,
Ca2CrO4,Cr,8,Ca,16,O,32,orthorhombic,33,1.8761,,,,,,,,,,,,,,,,,,,,,,,,,,,,,,,,,,,
KMnO2,K,12,Mn,12,O,24,monoclinic,11,1.886,31983,,,,,,,,,,,,,,,,,,,,,,,,,,,,,,,,,,
Sr(FeO2)2,Sr,8,Fe,16,O,32,monoclinic,14,1.8882,94350,,,,,,,,,,,,,,,,,,,,,,,,,,,,,,,,,,
CaV2O5,Ca,2,O,10,V,4,orthorhombic,59,1.8884,82689,,,,,,,,,,,,,,,,,,,,,,,,,,,,,,,,,,
Ba2CrO4,Cr,4,Ba,8,O,16,orthorhombic,62,1.891,73892,,,,,,,,,,,,,,,,,,,,,,,,,,,,,,,,,,
BaMn2O8,Mn,4,Ba,2,O,16,orthorhombic,70,1.9074,,,,,,,,,,,,,,,,,,,,,,,,,,,,,,,,,,,
BaMnO3,Mn,2,Ba,2,O,6,hexagonal,194,1.9175,23873,89994,10331,10332,24129,,,,,,,,,,,,,,,,,,,,,,,,,,,,,,
Ba(FeO2)2,Ba,16,O,64,Fe,32,orthorhombic,62,1.93,60662,,,,,,,,,,,,,,,,,,,,,,,,,,,,,,,,,,
KFeO2,K,2,Fe,2,O,4,monoclinic,12,1.9337,,,,,,,,,,,,,,,,,,,,,,,,,,,,,,,,,,,
Sr2CrO4,Cr,8,O,32,Sr,16,orthorhombic,33,1.9683,26944,,,,,,,,,,,,,,,,,,,,,,,,,,,,,,,,,,
K3MnO4,K,3,Mn,1,O,4,tetragonal,121,1.9806,108935,,,,,,,,,,,,,,,,,,,,,,,,,,,,,,,,,,
K2Cr3O10,Cr,12,K,8,O,40,monoclinic,14,2.0045,20210,8175,,,,,,,,,,,,,,,,,,,,,,,,,,,,,,,,,
K3FeO3,K,6,Fe,2,O,6,monoclinic,12,2.0103,6149,16534,,,,,,,,,,,,,,,,,,,,,,,,,,,,,,,,,
K2V3O8,K,4,O,16,V,6,tetragonal,100,2.0111,245500,1925,,,,,,,,,,,,,,,,,,,,,,,,,,,,,,,,,
Y3Fe5O12,Y,12,Fe,20,O,48,cubic,230,2.0124,14342,29222,60167,80139,173997,23855,28561,29235,88502,88504,88506,2012,,,,,,,,,,,,,,,,,,,,,,,
Ca2CuO3,Ca,2,O,3,Cu,1,orthorhombic,71,2.0174,93651,,,,,,,,,,,,,,,,,,,,,,,,,,,,,,,,,,
La2Ni2O5,Ni,4,O,10,La,4,monoclinic,15,2.0235,82954,85212,74581,,,,,,,,,,,,,,,,,,,,,,,,,,,,,,,,
KMnO4,K,4,Mn,4,O,16,orthorhombic,62,2.0507,52378,,,,,,,,,,,,,,,,,,,,,,,,,,,,,,,,,,
Ca5Mn4O9,Ca,5,Mn,4,O,9,monoclinic,8,2.0514,,,,,,,,,,,,,,,,,,,,,,,,,,,,,,,,,,,
BaMnO3,Mn,6,Ba,6,O,18,hexagonal,185,2.0603,89995,89996,,,,,,,,,,,,,,,,,,,,,,,,,,,,,,,,,
KMnO4,K,4,Mn,4,O,16,orthorhombic,62,2.0689,44416,89506,413443,22244,170088,44625,,,,,,,,,,,,,,,,,,,,,,,,,,,,,
KV3O8,K,2,O,16,V,6,monoclinic,11,2.0824,50008,421064,29075,23975,,,,,,,,,,,,,,,,,,,,,,,,,,,,,,,
K17Fe5O16,K,17,Fe,5,O,16,monoclinic,8,2.0912,415753,,,,,,,,,,,,,,,,,,,,,,,,,,,,,,,,,,
K9Ni2O7,Ni,8,K,36,O,28,cubic,198,2.1161,14162,,,,,,,,,,,,,,,,,,,,,,,,,,,,,,,,,,
Ca(FeO2)2,Ca,12,Fe,24,O,48,orthorhombic,62,2.1223,161973,,,,,,,,,,,,,,,,,,,,,,,,,,,,,,,,,,
K5FeO4,K,40,Fe,8,O,32,orthorhombic,61,2.1249,415754,,,,,,,,,,,,,,,,,,,,,,,,,,,,,,,,,,
LaCrO3,Cr,4,O,12,La,4,orthorhombic,62,2.1645,91270,89098,153615,173469,167588,151219,166837,165054,81984,50755,160073,59595,160076,160077,160078,180177,9938,180183,180184,100185,108900,79344,51191,,,,,,,,,,,,
YCrO3,Y,1,Cr,1,O,3,cubic,221,2.1654,28909,,,,,,,,,,,,,,,,,,,,,,,,,,,,,,,,,,
KFeO2,K,16,Fe,16,O,32,orthorhombic,61,2.1743,421185,94467,180530,157785,200254,200255,,,,,,,,,,,,,,,,,,,,,,,,,,,,,
La2CrO6,Cr,2,O,12,La,4,monoclinic,15,2.1814,249659,,,,,,,,,,,,,,,,,,,,,,,,,,,,,,,,,,
La2NiO4,Ni,2,O,8,La,4,orthorhombic,36,2.191,,,,,,,,,,,,,,,,,,,,,,,,,,,,,,,,,,,
K14Fe4O13,K,28,Fe,8,O,26,monoclinic,14,2.2344,67170,,,,,,,,,,,,,,,,,,,,,,,,,,,,,,,,,,
LaCrO3,Cr,2,O,6,La,2,trigonal,167,2.2693,167590,,,,,,,,,,,,,,,,,,,,,,,,,,,,,,,,,,
Ba3NiO4,Ni,2,Ba,6,O,8,trigonal,167,2.29,30662,,,,,,,,,,,,,,,,,,,,,,,,,,,,,,,,,,
K4Fe2O5,K,8,Fe,4,O,10,monoclinic,14,2.3023,154372,,,,,,,,,,,,,,,,,,,,,,,,,,,,,,,,,,
BaNiO2,Ni,2,Ba,2,O,4,orthorhombic,63,2.3034,15760,30660,,,,,,,,,,,,,,,,,,,,,,,,,,,,,,,,,
Ca10V6O25,Ca,10,O,25,V,6,trigonal,147,2.3156,,,,,,,,,,,,,,,,,,,,,,,,,,,,,,,,,,,
LaCrO3,Cr,1,O,3,La,1,cubic,221,2.3172,29120,28930,41061,91271,,,,,,,,,,,,,,,,,,,,,,,,,,,,,,,
K3V5O14,K,3,O,14,V,5,trigonal,157,2.3325,248227,24068,,,,,,,,,,,,,,,,,,,,,,,,,,,,,,,,,
Ca10V6O25,Ca,10,O,25,V,6,trigonal,143,2.35,,,,,,,,,,,,,,,,,,,,,,,,,,,,,,,,,,,
CaCrO4,Cr,2,Ca,2,O,8,tetragonal,141,2.3678,30283,83387,,,,,,,,,,,,,,,,,,,,,,,,,,,,,,,,,
SrV3O7,Sr,2,O,14,V,6,orthorhombic,59,2.3876,241184,241185,241186,241187,241176,241177,241178,241179,241180,241181,241182,241183,,,,,,,,,,,,,,,,,,,,,,,
SrV3O7,Sr,4,O,28,V,12,orthorhombic,62,2.3882,77617,72604,,,,,,,,,,,,,,,,,,,,,,,,,,,,,,,,,
CaV3O7,Ca,4,O,28,V,12,orthorhombic,62,2.4386,2507,241188,241189,241190,241191,241192,241193,241194,241195,241196,241197,241198,241199,241200,241201,241202,241203,241204,241205,241206,,,,,,,,,,,,,,,
SrV4O9,Sr,2,O,18,V,8,tetragonal,85,2.4622,90926,,,,,,,,,,,,,,,,,,,,,,,,,,,,,,,,,,
YCrO3,Y,4,Cr,4,O,12,orthorhombic,62,2.4831,109352,,,,,,,,,,,,,,,,,,,,,,,,,,,,,,,,,,
SrCr2O7,Cr,16,O,56,Sr,8,tetragonal,137,2.4835,28411,,,,,,,,,,,,,,,,,,,,,,,,,,,,,,,,,,
CaV4O9,Ca,2,O,18,V,8,tetragonal,85,2.4882,2556,90927,,,,,,,,,,,,,,,,,,,,,,,,,,,,,,,,,
K2Cr2O7,Cr,8,K,8,O,28,monoclinic,12,2.5108,,,,,,,,,,,,,,,,,,,,,,,,,,,,,,,,,,,
LaCuO2,O,2,Cu,1,La,1,trigonal,166,2.5162,18102,,,,,,,,,,,,,,,,,,,,,,,,,,,,,,,,,,
BaCr2O4,Cr,8,Ba,4,O,16,orthorhombic,59,2.5408,64677,,,,,,,,,,,,,,,,,,,,,,,,,,,,,,,,,,
LaV3O9,La,2,O,18,V,6,monoclinic,11,2.57,411084,,,,,,,,,,,,,,,,,,,,,,,,,,,,,,,,,,
CaCr2O4,Cr,8,Ca,4,O,16,orthorhombic,62,2.5777,8288,,,,,,,,,,,,,,,,,,,,,,,,,,,,,,,,,,
YCuO2,Y,1,O,2,Cu,1,trigonal,166,2.6307,60848,,,,,,,,,,,,,,,,,,,,,,,,,,,,,,,,,,
YCuO2,Y,2,O,4,Cu,2,hexagonal,194,2.647,95673,35580,,,,,,,,,,,,,,,,,,,,,,,,,,,,,,,,,
K2Cr2O7,Cr,8,K,8,O,28,triclinic,2,2.7075,10371,24199,166635,59983,59984,34326,,,,,,,,,,,,,,,,,,,,,,,,,,,,,
K2NiO2,Ni,1,K,2,O,2,tetragonal,139,2.7796,201891,21069,,,,,,,,,,,,,,,,,,,,,,,,,,,,,,,,,
CaCr2O4,Cr,8,Ca,4,O,16,orthorhombic,59,2.7875,6131,,,,,,,,,,,,,,,,,,,,,,,,,,,,,,,,,,
SrCr2O4,Cr,8,O,16,Sr,4,orthorhombic,59,2.7927,6132,,,,,,,,,,,,,,,,,,,,,,,,,,,,,,,,,,
SrV2O6,Sr,4,O,24,V,8,orthorhombic,62,2.8228,65928,80615,,,,,,,,,,,,,,,,,,,,,,,,,,,,,,,,,
Ca3MnO4,Ca,3,Mn,1,O,4,orthorhombic,65,2.8359,,,,,,,,,,,,,,,,,,,,,,,,,,,,,,,,,,,
SrCrO4,Cr,4,O,16,Sr,4,monoclinic,14,2.8393,159266,,,,,,,,,,,,,,,,,,,,,,,,,,,,,,,,,,
BaV2O6,Ba,3,O,18,V,6,orthorhombic,21,2.8551,23481,80938,,,,,,,,,,,,,,,,,,,,,,,,,,,,,,,,,
SrCrO4,Cr,4,O,16,Sr,4,monoclinic,14,2.8734,160793,40922,,,,,,,,,,,,,,,,,,,,,,,,,,,,,,,,,
CaV2O6,Ca,1,O,6,V,2,monoclinic,12,2.9196,21064,166516,,,,,,,,,,,,,,,,,,,,,,,,,,,,,,,,,
KCrO2,Cr,1,K,1,O,2,trigonal,166,2.9299,40267,,,,,,,,,,,,,,,,,,,,,,,,,,,,,,,,,,
Ba3V4O13,Ba,6,O,26,V,8,monoclinic,15,2.9456,202426,,,,,,,,,,,,,,,,,,,,,,,,,,,,,,,,,,
BaCrO4,Cr,4,Ba,4,O,16,orthorhombic,62,2.9572,62560,,,,,,,,,,,,,,,,,,,,,,,,,,,,,,,,,,
Ca5MnO6,Ca,5,Mn,1,O,6,monoclinic,12,2.9678,,,,,,,,,,,,,,,,,,,,,,,,,,,,,,,,,,,
YVO4,Y,2,O,8,V,2,tetragonal,141,2.9705,2504,26894,15604,174549,246708,78074,36060,246709,,,,,,,,,,,,,,,,,,,,,,,,,,,
KVO3,K,4,O,12,V,4,orthorhombic,57,3.0372,44528,33706,1486,,,,,,,,,,,,,,,,,,,,,,,,,,,,,,,,
Ca2V2O7,Ca,4,O,14,V,4,triclinic,2,3.0528,20609,,,,,,,,,,,,,,,,,,,,,,,,,,,,,,,,,,
K5V3O10,K,20,O,40,V,12,tetragonal,92,3.0582,48198,,,,,,,,,,,,,,,,,,,,,,,,,,,,,,,,,,
K2CrO4,Cr,4,K,8,O,16,orthorhombic,62,3.0699,2402,30266,2828,88581,,,,,,,,,,,,,,,,,,,,,,,,,,,,,,,
LaVO4,La,2,O,8,V,2,tetragonal,141,3.1222,411083,,,,,,,,,,,,,,,,,,,,,,,,,,,,,,,,,,
K2CrO4,Cr,4,K,8,O,16,monoclinic,14,3.1309,,,,,,,,,,,,,,,,,,,,,,,,,,,,,,,,,,,
Sr2V2O7,Sr,8,O,28,V,8,triclinic,2,3.3868,72200,20401,,,,,,,,,,,,,,,,,,,,,,,,,,,,,,,,,
K4V2O7,K,4,O,7,V,2,monoclinic,12,3.4405,250388,,,,,,,,,,,,,,,,,,,,,,,,,,,,,,,,,,
Sr2V2O7,Sr,16,O,56,V,16,tetragonal,76,3.452,10330,,,,,,,,,,,,,,,,,,,,,,,,,,,,,,,,,,
Ba2V2O7,Ba,8,O,28,V,8,triclinic,2,3.4599,34320,,,,,,,,,,,,,,,,,,,,,,,,,,,,,,,,,,
LaVO4,La,4,O,16,V,4,monoclinic,14,3.5131,400,155240,8294,,,,,,,,,,,,,,,,,,,,,,,,,,,,,,,,
Ca3V2O8,Ca,3,O,8,V,2,trigonal,166,3.5139,412273,,,,,,,,,,,,,,,,,,,,,,,,,,,,,,,,,,
K3VO4,K,3,O,4,V,1,tetragonal,121,3.6294,4138,,,,,,,,,,,,,,,,,,,,,,,,,,,,,,,,,,
K3VO4,K,3,O,4,V,1,tetragonal,121,3.6663,4138,,,,,,,,,,,,,,,,,,,,,,,,,,,,,,,,,,
Sr3V2O8,Sr,3,O,8,V,2,trigonal,166,3.676,73258,167701,,,,,,,,,,,,,,,,,,,,,,,,,,,,,,,,,
Ba3V2O8,Ba,3,O,8,V,2,trigonal,166,3.7427,78169,418460,14237,167695,,,,,,,,,,,,,,,,,,,,,,,,,,,,,,,
K3VO4,K,12,O,16,V,4,cubic,198,4.0413,108936,,,,,,,,,,,,,,,,,,,,,,,,,,,,,,,,,,