Material,Publications,Crystal System,Space Group,Calculated Band Gap,superconduct,conduct,resist,metal,insulator,doped,ferromagnetism,antiferromagnetism,ferrimagnetism,magnet,\d K,DFT,DMFT,charge density wave,band structure,susceptibility,NMR,nuclear magnetic resonance,neutron,mu-SR,x-ray
"=HYPERLINK(""[C:\Users\eager55\Desktop\webScrape\searchWoK\searchWoKResults\sulfidesMaterialsKeySearchFull.csv]sulfidesMaterialsKeySearchFull!A1"",""La2Fe2S5"")",11,orthorhombic,36,0,,,,"=HYPERLINK(""[C:\Users\eager55\Desktop\webScrape\searchWoK\searchWoKResults\sulfidesMaterialsKeySearchFull.csv]sulfidesMaterialsKeySearchFull!A3"",""2"")",,,,,,"=HYPERLINK(""[C:\Users\eager55\Desktop\webScrape\searchWoK\searchWoKResults\sulfidesMaterialsKeySearchFull.csv]sulfidesMaterialsKeySearchFull!A4"",""3"")","=HYPERLINK(""[C:\Users\eager55\Desktop\webScrape\searchWoK\searchWoKResults\sulfidesMaterialsKeySearchFull.csv]sulfidesMaterialsKeySearchFull!A5"",""3"")",,,,,"=HYPERLINK(""[C:\Users\eager55\Desktop\webScrape\searchWoK\searchWoKResults\sulfidesMaterialsKeySearchFull.csv]sulfidesMaterialsKeySearchFull!A6"",""3"")",,,"=HYPERLINK(""[C:\Users\eager55\Desktop\webScrape\searchWoK\searchWoKResults\sulfidesMaterialsKeySearchFull.csv]sulfidesMaterialsKeySearchFull!A7"",""1"")",,
"=HYPERLINK(""[C:\Users\eager55\Desktop\webScrape\searchWoK\searchWoKResults\sulfidesMaterialsKeySearchFull.csv]sulfidesMaterialsKeySearchFull!A10"",""La3Fe2S7"")",0,hexagonal,173,0,,,,,,,,,,,,,,,,,,,,,
"=HYPERLINK(""[C:\Users\eager55\Desktop\webScrape\searchWoK\searchWoKResults\sulfidesMaterialsKeySearchFull.csv]sulfidesMaterialsKeySearchFull!A14"",""Ba3CrS5"")",1,hexagonal,185,0,,,,"=HYPERLINK(""[C:\Users\eager55\Desktop\webScrape\searchWoK\searchWoKResults\sulfidesMaterialsKeySearchFull.csv]sulfidesMaterialsKeySearchFull!A16"",""1"")",,,,,,,,,,,,,,,,,
"=HYPERLINK(""[C:\Users\eager55\Desktop\webScrape\searchWoK\searchWoKResults\sulfidesMaterialsKeySearchFull.csv]sulfidesMaterialsKeySearchFull!A19"",""Ba6Fe8S15"")",8,tetragonal,87,0,"=HYPERLINK(""[C:\Users\eager55\Desktop\webScrape\searchWoK\searchWoKResults\sulfidesMaterialsKeySearchFull.csv]sulfidesMaterialsKeySearchFull!A21"",""1"")","=HYPERLINK(""[C:\Users\eager55\Desktop\webScrape\searchWoK\searchWoKResults\sulfidesMaterialsKeySearchFull.csv]sulfidesMaterialsKeySearchFull!A22"",""3"")","=HYPERLINK(""[C:\Users\eager55\Desktop\webScrape\searchWoK\searchWoKResults\sulfidesMaterialsKeySearchFull.csv]sulfidesMaterialsKeySearchFull!A23"",""1"")",,,,,,,"=HYPERLINK(""[C:\Users\eager55\Desktop\webScrape\searchWoK\searchWoKResults\sulfidesMaterialsKeySearchFull.csv]sulfidesMaterialsKeySearchFull!A24"",""6"")","=HYPERLINK(""[C:\Users\eager55\Desktop\webScrape\searchWoK\searchWoKResults\sulfidesMaterialsKeySearchFull.csv]sulfidesMaterialsKeySearchFull!A25"",""7"")",,,,,,,,"=HYPERLINK(""[C:\Users\eager55\Desktop\webScrape\searchWoK\searchWoKResults\sulfidesMaterialsKeySearchFull.csv]sulfidesMaterialsKeySearchFull!A26"",""2"")",,
"=HYPERLINK(""[C:\Users\eager55\Desktop\webScrape\searchWoK\searchWoKResults\sulfidesMaterialsKeySearchFull.csv]sulfidesMaterialsKeySearchFull!A29"",""BaFe2S3"")",7,orthorhombic,63,0,,"=HYPERLINK(""[C:\Users\eager55\Desktop\webScrape\searchWoK\searchWoKResults\sulfidesMaterialsKeySearchFull.csv]sulfidesMaterialsKeySearchFull!A31"",""1"")",,,,,,,,"=HYPERLINK(""[C:\Users\eager55\Desktop\webScrape\searchWoK\searchWoKResults\sulfidesMaterialsKeySearchFull.csv]sulfidesMaterialsKeySearchFull!A32"",""4"")","=HYPERLINK(""[C:\Users\eager55\Desktop\webScrape\searchWoK\searchWoKResults\sulfidesMaterialsKeySearchFull.csv]sulfidesMaterialsKeySearchFull!A33"",""5"")",,,,,,,,"=HYPERLINK(""[C:\Users\eager55\Desktop\webScrape\searchWoK\searchWoKResults\sulfidesMaterialsKeySearchFull.csv]sulfidesMaterialsKeySearchFull!A34"",""1"")",,
"=HYPERLINK(""[C:\Users\eager55\Desktop\webScrape\searchWoK\searchWoKResults\sulfidesMaterialsKeySearchFull.csv]sulfidesMaterialsKeySearchFull!A37"",""Ba7(Fe3S7)2, Ba7Fe6S14"")",0,monoclinic,15,0,,,,,,,,,,,,,,,,,,,,,
"=HYPERLINK(""[C:\Users\eager55\Desktop\webScrape\searchWoK\searchWoKResults\sulfidesMaterialsKeySearchFull.csv]sulfidesMaterialsKeySearchFull!A41"",""Ba(FeS2)2, BaFe2S4"")",8,"tetragonal, tetragonal, tetragonal","97, 79, 87","0, 0, 0",,"=HYPERLINK(""[C:\Users\eager55\Desktop\webScrape\searchWoK\searchWoKResults\sulfidesMaterialsKeySearchFull.csv]sulfidesMaterialsKeySearchFull!A43"",""3"")",,"=HYPERLINK(""[C:\Users\eager55\Desktop\webScrape\searchWoK\searchWoKResults\sulfidesMaterialsKeySearchFull.csv]sulfidesMaterialsKeySearchFull!A44"",""3"")",,,,,,,"=HYPERLINK(""[C:\Users\eager55\Desktop\webScrape\searchWoK\searchWoKResults\sulfidesMaterialsKeySearchFull.csv]sulfidesMaterialsKeySearchFull!A45"",""1"")",,,,,,,,,,
"=HYPERLINK(""[C:\Users\eager55\Desktop\webScrape\searchWoK\searchWoKResults\sulfidesMaterialsKeySearchFull.csv]sulfidesMaterialsKeySearchFull!A48"",""BaCoS2"")",31,tetragonal,129,0,"=HYPERLINK(""[C:\Users\eager55\Desktop\webScrape\searchWoK\searchWoKResults\sulfidesMaterialsKeySearchFull.csv]sulfidesMaterialsKeySearchFull!A50"",""2"")","=HYPERLINK(""[C:\Users\eager55\Desktop\webScrape\searchWoK\searchWoKResults\sulfidesMaterialsKeySearchFull.csv]sulfidesMaterialsKeySearchFull!A51"",""11"")","=HYPERLINK(""[C:\Users\eager55\Desktop\webScrape\searchWoK\searchWoKResults\sulfidesMaterialsKeySearchFull.csv]sulfidesMaterialsKeySearchFull!A52"",""11"")","=HYPERLINK(""[C:\Users\eager55\Desktop\webScrape\searchWoK\searchWoKResults\sulfidesMaterialsKeySearchFull.csv]sulfidesMaterialsKeySearchFull!A53"",""17"")","=HYPERLINK(""[C:\Users\eager55\Desktop\webScrape\searchWoK\searchWoKResults\sulfidesMaterialsKeySearchFull.csv]sulfidesMaterialsKeySearchFull!A54"",""14"")","=HYPERLINK(""[C:\Users\eager55\Desktop\webScrape\searchWoK\searchWoKResults\sulfidesMaterialsKeySearchFull.csv]sulfidesMaterialsKeySearchFull!A55"",""3"")",,,,"=HYPERLINK(""[C:\Users\eager55\Desktop\webScrape\searchWoK\searchWoKResults\sulfidesMaterialsKeySearchFull.csv]sulfidesMaterialsKeySearchFull!A56"",""23"")","=HYPERLINK(""[C:\Users\eager55\Desktop\webScrape\searchWoK\searchWoKResults\sulfidesMaterialsKeySearchFull.csv]sulfidesMaterialsKeySearchFull!A57"",""10"")",,"=HYPERLINK(""[C:\Users\eager55\Desktop\webScrape\searchWoK\searchWoKResults\sulfidesMaterialsKeySearchFull.csv]sulfidesMaterialsKeySearchFull!A58"",""1"")",,"=HYPERLINK(""[C:\Users\eager55\Desktop\webScrape\searchWoK\searchWoKResults\sulfidesMaterialsKeySearchFull.csv]sulfidesMaterialsKeySearchFull!A59"",""3"")","=HYPERLINK(""[C:\Users\eager55\Desktop\webScrape\searchWoK\searchWoKResults\sulfidesMaterialsKeySearchFull.csv]sulfidesMaterialsKeySearchFull!A60"",""8"")",,,"=HYPERLINK(""[C:\Users\eager55\Desktop\webScrape\searchWoK\searchWoKResults\sulfidesMaterialsKeySearchFull.csv]sulfidesMaterialsKeySearchFull!A61"",""3"")",,"=HYPERLINK(""[C:\Users\eager55\Desktop\webScrape\searchWoK\searchWoKResults\sulfidesMaterialsKeySearchFull.csv]sulfidesMaterialsKeySearchFull!A62"",""1"")"
"=HYPERLINK(""[C:\Users\eager55\Desktop\webScrape\searchWoK\searchWoKResults\sulfidesMaterialsKeySearchFull.csv]sulfidesMaterialsKeySearchFull!A65"",""BaNiS2"")",22,tetragonal,129,0,"=HYPERLINK(""[C:\Users\eager55\Desktop\webScrape\searchWoK\searchWoKResults\sulfidesMaterialsKeySearchFull.csv]sulfidesMaterialsKeySearchFull!A67"",""3"")","=HYPERLINK(""[C:\Users\eager55\Desktop\webScrape\searchWoK\searchWoKResults\sulfidesMaterialsKeySearchFull.csv]sulfidesMaterialsKeySearchFull!A68"",""5"")","=HYPERLINK(""[C:\Users\eager55\Desktop\webScrape\searchWoK\searchWoKResults\sulfidesMaterialsKeySearchFull.csv]sulfidesMaterialsKeySearchFull!A69"",""3"")","=HYPERLINK(""[C:\Users\eager55\Desktop\webScrape\searchWoK\searchWoKResults\sulfidesMaterialsKeySearchFull.csv]sulfidesMaterialsKeySearchFull!A70"",""12"")","=HYPERLINK(""[C:\Users\eager55\Desktop\webScrape\searchWoK\searchWoKResults\sulfidesMaterialsKeySearchFull.csv]sulfidesMaterialsKeySearchFull!A71"",""8"")","=HYPERLINK(""[C:\Users\eager55\Desktop\webScrape\searchWoK\searchWoKResults\sulfidesMaterialsKeySearchFull.csv]sulfidesMaterialsKeySearchFull!A72"",""1"")",,,,"=HYPERLINK(""[C:\Users\eager55\Desktop\webScrape\searchWoK\searchWoKResults\sulfidesMaterialsKeySearchFull.csv]sulfidesMaterialsKeySearchFull!A73"",""11"")","=HYPERLINK(""[C:\Users\eager55\Desktop\webScrape\searchWoK\searchWoKResults\sulfidesMaterialsKeySearchFull.csv]sulfidesMaterialsKeySearchFull!A74"",""5"")",,"=HYPERLINK(""[C:\Users\eager55\Desktop\webScrape\searchWoK\searchWoKResults\sulfidesMaterialsKeySearchFull.csv]sulfidesMaterialsKeySearchFull!A75"",""1"")",,"=HYPERLINK(""[C:\Users\eager55\Desktop\webScrape\searchWoK\searchWoKResults\sulfidesMaterialsKeySearchFull.csv]sulfidesMaterialsKeySearchFull!A76"",""4"")","=HYPERLINK(""[C:\Users\eager55\Desktop\webScrape\searchWoK\searchWoKResults\sulfidesMaterialsKeySearchFull.csv]sulfidesMaterialsKeySearchFull!A77"",""3"")",,,,,
"=HYPERLINK(""[C:\Users\eager55\Desktop\webScrape\searchWoK\searchWoKResults\sulfidesMaterialsKeySearchFull.csv]sulfidesMaterialsKeySearchFull!A80"",""K3(VS2)5, K3V5S10"")",2,triclinic,1,0,,,,,,,,,,,,,,,"=HYPERLINK(""[C:\Users\eager55\Desktop\webScrape\searchWoK\searchWoKResults\sulfidesMaterialsKeySearchFull.csv]sulfidesMaterialsKeySearchFull!A82"",""1"")",,,,,,
"=HYPERLINK(""[C:\Users\eager55\Desktop\webScrape\searchWoK\searchWoKResults\sulfidesMaterialsKeySearchFull.csv]sulfidesMaterialsKeySearchFull!A85"",""K(V5S8)2, KV10S16"")",5,monoclinic,13,0,,"=HYPERLINK(""[C:\Users\eager55\Desktop\webScrape\searchWoK\searchWoKResults\sulfidesMaterialsKeySearchFull.csv]sulfidesMaterialsKeySearchFull!A87"",""1"")","=HYPERLINK(""[C:\Users\eager55\Desktop\webScrape\searchWoK\searchWoKResults\sulfidesMaterialsKeySearchFull.csv]sulfidesMaterialsKeySearchFull!A88"",""2"")","=HYPERLINK(""[C:\Users\eager55\Desktop\webScrape\searchWoK\searchWoKResults\sulfidesMaterialsKeySearchFull.csv]sulfidesMaterialsKeySearchFull!A89"",""3"")","=HYPERLINK(""[C:\Users\eager55\Desktop\webScrape\searchWoK\searchWoKResults\sulfidesMaterialsKeySearchFull.csv]sulfidesMaterialsKeySearchFull!A90"",""2"")",,,,,"=HYPERLINK(""[C:\Users\eager55\Desktop\webScrape\searchWoK\searchWoKResults\sulfidesMaterialsKeySearchFull.csv]sulfidesMaterialsKeySearchFull!A91"",""4"")","=HYPERLINK(""[C:\Users\eager55\Desktop\webScrape\searchWoK\searchWoKResults\sulfidesMaterialsKeySearchFull.csv]sulfidesMaterialsKeySearchFull!A92"",""5"")",,,,,"=HYPERLINK(""[C:\Users\eager55\Desktop\webScrape\searchWoK\searchWoKResults\sulfidesMaterialsKeySearchFull.csv]sulfidesMaterialsKeySearchFull!A93"",""2"")",,,"=HYPERLINK(""[C:\Users\eager55\Desktop\webScrape\searchWoK\searchWoKResults\sulfidesMaterialsKeySearchFull.csv]sulfidesMaterialsKeySearchFull!A94"",""2"")",,
"=HYPERLINK(""[C:\Users\eager55\Desktop\webScrape\searchWoK\searchWoKResults\sulfidesMaterialsKeySearchFull.csv]sulfidesMaterialsKeySearchFull!A97"",""K2Mn3S4"")",2,monoclinic,13,0,,,,,,,,,,,,,,,,,,,,,
"=HYPERLINK(""[C:\Users\eager55\Desktop\webScrape\searchWoK\searchWoKResults\sulfidesMaterialsKeySearchFull.csv]sulfidesMaterialsKeySearchFull!A101"",""KFeS2"")",46,monoclinic,15,0,,"=HYPERLINK(""[C:\Users\eager55\Desktop\webScrape\searchWoK\searchWoKResults\sulfidesMaterialsKeySearchFull.csv]sulfidesMaterialsKeySearchFull!A103"",""4"")","=HYPERLINK(""[C:\Users\eager55\Desktop\webScrape\searchWoK\searchWoKResults\sulfidesMaterialsKeySearchFull.csv]sulfidesMaterialsKeySearchFull!A104"",""5"")","=HYPERLINK(""[C:\Users\eager55\Desktop\webScrape\searchWoK\searchWoKResults\sulfidesMaterialsKeySearchFull.csv]sulfidesMaterialsKeySearchFull!A105"",""8"")",,,,,,"=HYPERLINK(""[C:\Users\eager55\Desktop\webScrape\searchWoK\searchWoKResults\sulfidesMaterialsKeySearchFull.csv]sulfidesMaterialsKeySearchFull!A106"",""12"")","=HYPERLINK(""[C:\Users\eager55\Desktop\webScrape\searchWoK\searchWoKResults\sulfidesMaterialsKeySearchFull.csv]sulfidesMaterialsKeySearchFull!A107"",""8"")",,,,,"=HYPERLINK(""[C:\Users\eager55\Desktop\webScrape\searchWoK\searchWoKResults\sulfidesMaterialsKeySearchFull.csv]sulfidesMaterialsKeySearchFull!A108"",""9"")",,,"=HYPERLINK(""[C:\Users\eager55\Desktop\webScrape\searchWoK\searchWoKResults\sulfidesMaterialsKeySearchFull.csv]sulfidesMaterialsKeySearchFull!A109"",""3"")",,
"=HYPERLINK(""[C:\Users\eager55\Desktop\webScrape\searchWoK\searchWoKResults\sulfidesMaterialsKeySearchFull.csv]sulfidesMaterialsKeySearchFull!A112"",""KFe2S3"")",14,orthorhombic,63,0,,,,,,,,,,"=HYPERLINK(""[C:\Users\eager55\Desktop\webScrape\searchWoK\searchWoKResults\sulfidesMaterialsKeySearchFull.csv]sulfidesMaterialsKeySearchFull!A114"",""1"")","=HYPERLINK(""[C:\Users\eager55\Desktop\webScrape\searchWoK\searchWoKResults\sulfidesMaterialsKeySearchFull.csv]sulfidesMaterialsKeySearchFull!A115"",""2"")",,,,,,,,,,
"=HYPERLINK(""[C:\Users\eager55\Desktop\webScrape\searchWoK\searchWoKResults\sulfidesMaterialsKeySearchFull.csv]sulfidesMaterialsKeySearchFull!A118"",""K3(FeS2)2, K3Fe2S4"")",1,orthorhombic,62,0,,,,,,,,,,,,,,,,,,,,,
"=HYPERLINK(""[C:\Users\eager55\Desktop\webScrape\searchWoK\searchWoKResults\sulfidesMaterialsKeySearchFull.csv]sulfidesMaterialsKeySearchFull!A122"",""K2CoS2"")",1,orthorhombic,72,0,,,,,,,,,,,,,,,,,,,,,
"=HYPERLINK(""[C:\Users\eager55\Desktop\webScrape\searchWoK\searchWoKResults\sulfidesMaterialsKeySearchFull.csv]sulfidesMaterialsKeySearchFull!A126"",""K(CoS)2, KCo2S2"")",5879,tetragonal,139,0,,"=HYPERLINK(""[C:\Users\eager55\Desktop\webScrape\searchWoK\searchWoKResults\sulfidesMaterialsKeySearchFull.csv]sulfidesMaterialsKeySearchFull!A128"",""4"")","=HYPERLINK(""[C:\Users\eager55\Desktop\webScrape\searchWoK\searchWoKResults\sulfidesMaterialsKeySearchFull.csv]sulfidesMaterialsKeySearchFull!A129"",""2"")","=HYPERLINK(""[C:\Users\eager55\Desktop\webScrape\searchWoK\searchWoKResults\sulfidesMaterialsKeySearchFull.csv]sulfidesMaterialsKeySearchFull!A130"",""1"")","=HYPERLINK(""[C:\Users\eager55\Desktop\webScrape\searchWoK\searchWoKResults\sulfidesMaterialsKeySearchFull.csv]sulfidesMaterialsKeySearchFull!A131"",""2"")","=HYPERLINK(""[C:\Users\eager55\Desktop\webScrape\searchWoK\searchWoKResults\sulfidesMaterialsKeySearchFull.csv]sulfidesMaterialsKeySearchFull!A132"",""1"")",,,,"=HYPERLINK(""[C:\Users\eager55\Desktop\webScrape\searchWoK\searchWoKResults\sulfidesMaterialsKeySearchFull.csv]sulfidesMaterialsKeySearchFull!A133"",""2"")","=HYPERLINK(""[C:\Users\eager55\Desktop\webScrape\searchWoK\searchWoKResults\sulfidesMaterialsKeySearchFull.csv]sulfidesMaterialsKeySearchFull!A134"",""1"")",,,,"=HYPERLINK(""[C:\Users\eager55\Desktop\webScrape\searchWoK\searchWoKResults\sulfidesMaterialsKeySearchFull.csv]sulfidesMaterialsKeySearchFull!A135"",""1"")",,,,,,
"=HYPERLINK(""[C:\Users\eager55\Desktop\webScrape\searchWoK\searchWoKResults\sulfidesMaterialsKeySearchFull.csv]sulfidesMaterialsKeySearchFull!A138"",""K(NiS)2, KNi2S2"")",202,tetragonal,139,0,"=HYPERLINK(""[C:\Users\eager55\Desktop\webScrape\searchWoK\searchWoKResults\sulfidesMaterialsKeySearchFull.csv]sulfidesMaterialsKeySearchFull!A140"",""2"")","=HYPERLINK(""[C:\Users\eager55\Desktop\webScrape\searchWoK\searchWoKResults\sulfidesMaterialsKeySearchFull.csv]sulfidesMaterialsKeySearchFull!A141"",""7"")","=HYPERLINK(""[C:\Users\eager55\Desktop\webScrape\searchWoK\searchWoKResults\sulfidesMaterialsKeySearchFull.csv]sulfidesMaterialsKeySearchFull!A142"",""4"")","=HYPERLINK(""[C:\Users\eager55\Desktop\webScrape\searchWoK\searchWoKResults\sulfidesMaterialsKeySearchFull.csv]sulfidesMaterialsKeySearchFull!A143"",""18"")","=HYPERLINK(""[C:\Users\eager55\Desktop\webScrape\searchWoK\searchWoKResults\sulfidesMaterialsKeySearchFull.csv]sulfidesMaterialsKeySearchFull!A144"",""1"")","=HYPERLINK(""[C:\Users\eager55\Desktop\webScrape\searchWoK\searchWoKResults\sulfidesMaterialsKeySearchFull.csv]sulfidesMaterialsKeySearchFull!A145"",""1"")",,,,"=HYPERLINK(""[C:\Users\eager55\Desktop\webScrape\searchWoK\searchWoKResults\sulfidesMaterialsKeySearchFull.csv]sulfidesMaterialsKeySearchFull!A146"",""9"")","=HYPERLINK(""[C:\Users\eager55\Desktop\webScrape\searchWoK\searchWoKResults\sulfidesMaterialsKeySearchFull.csv]sulfidesMaterialsKeySearchFull!A147"",""19"")","=HYPERLINK(""[C:\Users\eager55\Desktop\webScrape\searchWoK\searchWoKResults\sulfidesMaterialsKeySearchFull.csv]sulfidesMaterialsKeySearchFull!A148"",""2"")",,,"=HYPERLINK(""[C:\Users\eager55\Desktop\webScrape\searchWoK\searchWoKResults\sulfidesMaterialsKeySearchFull.csv]sulfidesMaterialsKeySearchFull!A149"",""2"")","=HYPERLINK(""[C:\Users\eager55\Desktop\webScrape\searchWoK\searchWoKResults\sulfidesMaterialsKeySearchFull.csv]sulfidesMaterialsKeySearchFull!A150"",""2"")","=HYPERLINK(""[C:\Users\eager55\Desktop\webScrape\searchWoK\searchWoKResults\sulfidesMaterialsKeySearchFull.csv]sulfidesMaterialsKeySearchFull!A151"",""1"")",,"=HYPERLINK(""[C:\Users\eager55\Desktop\webScrape\searchWoK\searchWoKResults\sulfidesMaterialsKeySearchFull.csv]sulfidesMaterialsKeySearchFull!A152"",""2"")",,
"=HYPERLINK(""[C:\Users\eager55\Desktop\webScrape\searchWoK\searchWoKResults\sulfidesMaterialsKeySearchFull.csv]sulfidesMaterialsKeySearchFull!A155"",""Ba5(FeS2)9, Ba5Fe9S18"")",0,tetragonal,130,0.0005,,,,,,,,,,,,,,,,,,,,,
"=HYPERLINK(""[C:\Users\eager55\Desktop\webScrape\searchWoK\searchWoKResults\sulfidesMaterialsKeySearchFull.csv]sulfidesMaterialsKeySearchFull!A159"",""Sr(FeS2)2, SrFe2S4"")",10,"orthorhombic, orthorhombic","50, 50","0.0021, 0.0021",,"=HYPERLINK(""[C:\Users\eager55\Desktop\webScrape\searchWoK\searchWoKResults\sulfidesMaterialsKeySearchFull.csv]sulfidesMaterialsKeySearchFull!A161"",""3"")","=HYPERLINK(""[C:\Users\eager55\Desktop\webScrape\searchWoK\searchWoKResults\sulfidesMaterialsKeySearchFull.csv]sulfidesMaterialsKeySearchFull!A162"",""1"")","=HYPERLINK(""[C:\Users\eager55\Desktop\webScrape\searchWoK\searchWoKResults\sulfidesMaterialsKeySearchFull.csv]sulfidesMaterialsKeySearchFull!A163"",""2"")",,,,,,"=HYPERLINK(""[C:\Users\eager55\Desktop\webScrape\searchWoK\searchWoKResults\sulfidesMaterialsKeySearchFull.csv]sulfidesMaterialsKeySearchFull!A164"",""1"")",,,,,,,"=HYPERLINK(""[C:\Users\eager55\Desktop\webScrape\searchWoK\searchWoKResults\sulfidesMaterialsKeySearchFull.csv]sulfidesMaterialsKeySearchFull!A165"",""1"")",,,,
"=HYPERLINK(""[C:\Users\eager55\Desktop\webScrape\searchWoK\searchWoKResults\sulfidesMaterialsKeySearchFull.csv]sulfidesMaterialsKeySearchFull!A168"",""Ba3FeS5"")",4,orthorhombic,62,0.003,,"=HYPERLINK(""[C:\Users\eager55\Desktop\webScrape\searchWoK\searchWoKResults\sulfidesMaterialsKeySearchFull.csv]sulfidesMaterialsKeySearchFull!A170"",""2"")",,,,,,,,"=HYPERLINK(""[C:\Users\eager55\Desktop\webScrape\searchWoK\searchWoKResults\sulfidesMaterialsKeySearchFull.csv]sulfidesMaterialsKeySearchFull!A171"",""2"")","=HYPERLINK(""[C:\Users\eager55\Desktop\webScrape\searchWoK\searchWoKResults\sulfidesMaterialsKeySearchFull.csv]sulfidesMaterialsKeySearchFull!A172"",""2"")",,,,,,,,,,
"=HYPERLINK(""[C:\Users\eager55\Desktop\webScrape\searchWoK\searchWoKResults\sulfidesMaterialsKeySearchFull.csv]sulfidesMaterialsKeySearchFull!A175"",""K(V5S8)3, KV15S24"")",1,triclinic,2,0.0039,,,,,,,,,,"=HYPERLINK(""[C:\Users\eager55\Desktop\webScrape\searchWoK\searchWoKResults\sulfidesMaterialsKeySearchFull.csv]sulfidesMaterialsKeySearchFull!A177"",""1"")","=HYPERLINK(""[C:\Users\eager55\Desktop\webScrape\searchWoK\searchWoKResults\sulfidesMaterialsKeySearchFull.csv]sulfidesMaterialsKeySearchFull!A178"",""1"")",,,,,"=HYPERLINK(""[C:\Users\eager55\Desktop\webScrape\searchWoK\searchWoKResults\sulfidesMaterialsKeySearchFull.csv]sulfidesMaterialsKeySearchFull!A179"",""1"")",,,"=HYPERLINK(""[C:\Users\eager55\Desktop\webScrape\searchWoK\searchWoKResults\sulfidesMaterialsKeySearchFull.csv]sulfidesMaterialsKeySearchFull!A180"",""1"")",,
"=HYPERLINK(""[C:\Users\eager55\Desktop\webScrape\searchWoK\searchWoKResults\sulfidesMaterialsKeySearchFull.csv]sulfidesMaterialsKeySearchFull!A183"",""K3(Cu4S3)2, K3Cu8S6"")",0,monoclinic,12,0.0044,,,,,,,,,,,,,,,,,,,,,
"=HYPERLINK(""[C:\Users\eager55\Desktop\webScrape\searchWoK\searchWoKResults\sulfidesMaterialsKeySearchFull.csv]sulfidesMaterialsKeySearchFull!A187"",""BaVS3"")",114,"monoclinic, orthorhombic, orthorhombic, hexagonal","8, 36, 20, 194","0.0063, 0, 0, 0","=HYPERLINK(""[C:\Users\eager55\Desktop\webScrape\searchWoK\searchWoKResults\sulfidesMaterialsKeySearchFull.csv]sulfidesMaterialsKeySearchFull!A189"",""1"")","=HYPERLINK(""[C:\Users\eager55\Desktop\webScrape\searchWoK\searchWoKResults\sulfidesMaterialsKeySearchFull.csv]sulfidesMaterialsKeySearchFull!A190"",""12"")","=HYPERLINK(""[C:\Users\eager55\Desktop\webScrape\searchWoK\searchWoKResults\sulfidesMaterialsKeySearchFull.csv]sulfidesMaterialsKeySearchFull!A191"",""8"")","=HYPERLINK(""[C:\Users\eager55\Desktop\webScrape\searchWoK\searchWoKResults\sulfidesMaterialsKeySearchFull.csv]sulfidesMaterialsKeySearchFull!A192"",""29"")","=HYPERLINK(""[C:\Users\eager55\Desktop\webScrape\searchWoK\searchWoKResults\sulfidesMaterialsKeySearchFull.csv]sulfidesMaterialsKeySearchFull!A193"",""24"")",,,,,"=HYPERLINK(""[C:\Users\eager55\Desktop\webScrape\searchWoK\searchWoKResults\sulfidesMaterialsKeySearchFull.csv]sulfidesMaterialsKeySearchFull!A194"",""25"")","=HYPERLINK(""[C:\Users\eager55\Desktop\webScrape\searchWoK\searchWoKResults\sulfidesMaterialsKeySearchFull.csv]sulfidesMaterialsKeySearchFull!A195"",""25"")","=HYPERLINK(""[C:\Users\eager55\Desktop\webScrape\searchWoK\searchWoKResults\sulfidesMaterialsKeySearchFull.csv]sulfidesMaterialsKeySearchFull!A196"",""3"")","=HYPERLINK(""[C:\Users\eager55\Desktop\webScrape\searchWoK\searchWoKResults\sulfidesMaterialsKeySearchFull.csv]sulfidesMaterialsKeySearchFull!A197"",""2"")","=HYPERLINK(""[C:\Users\eager55\Desktop\webScrape\searchWoK\searchWoKResults\sulfidesMaterialsKeySearchFull.csv]sulfidesMaterialsKeySearchFull!A198"",""1"")","=HYPERLINK(""[C:\Users\eager55\Desktop\webScrape\searchWoK\searchWoKResults\sulfidesMaterialsKeySearchFull.csv]sulfidesMaterialsKeySearchFull!A199"",""4"")","=HYPERLINK(""[C:\Users\eager55\Desktop\webScrape\searchWoK\searchWoKResults\sulfidesMaterialsKeySearchFull.csv]sulfidesMaterialsKeySearchFull!A200"",""4"")","=HYPERLINK(""[C:\Users\eager55\Desktop\webScrape\searchWoK\searchWoKResults\sulfidesMaterialsKeySearchFull.csv]sulfidesMaterialsKeySearchFull!A201"",""2"")",,"=HYPERLINK(""[C:\Users\eager55\Desktop\webScrape\searchWoK\searchWoKResults\sulfidesMaterialsKeySearchFull.csv]sulfidesMaterialsKeySearchFull!A202"",""4"")",,"=HYPERLINK(""[C:\Users\eager55\Desktop\webScrape\searchWoK\searchWoKResults\sulfidesMaterialsKeySearchFull.csv]sulfidesMaterialsKeySearchFull!A203"",""4"")"
"=HYPERLINK(""[C:\Users\eager55\Desktop\webScrape\searchWoK\searchWoKResults\sulfidesMaterialsKeySearchFull.csv]sulfidesMaterialsKeySearchFull!A206"",""Ba6Cu34S27"")",0,triclinic,1,0.0106,,,,,,,,,,,,,,,,,,,,,
"=HYPERLINK(""[C:\Users\eager55\Desktop\webScrape\searchWoK\searchWoKResults\sulfidesMaterialsKeySearchFull.csv]sulfidesMaterialsKeySearchFull!A210"",""Ba9Fe4S15"")",2,orthorhombic,62,0.0122,,"=HYPERLINK(""[C:\Users\eager55\Desktop\webScrape\searchWoK\searchWoKResults\sulfidesMaterialsKeySearchFull.csv]sulfidesMaterialsKeySearchFull!A212"",""1"")",,,,,,,,"=HYPERLINK(""[C:\Users\eager55\Desktop\webScrape\searchWoK\searchWoKResults\sulfidesMaterialsKeySearchFull.csv]sulfidesMaterialsKeySearchFull!A213"",""1"")","=HYPERLINK(""[C:\Users\eager55\Desktop\webScrape\searchWoK\searchWoKResults\sulfidesMaterialsKeySearchFull.csv]sulfidesMaterialsKeySearchFull!A214"",""1"")",,,,,,,,,,
"=HYPERLINK(""[C:\Users\eager55\Desktop\webScrape\searchWoK\searchWoKResults\sulfidesMaterialsKeySearchFull.csv]sulfidesMaterialsKeySearchFull!A217"",""Ba6Ni25S27"")",1,cubic,221,0.0152,,"=HYPERLINK(""[C:\Users\eager55\Desktop\webScrape\searchWoK\searchWoKResults\sulfidesMaterialsKeySearchFull.csv]sulfidesMaterialsKeySearchFull!A219"",""1"")","=HYPERLINK(""[C:\Users\eager55\Desktop\webScrape\searchWoK\searchWoKResults\sulfidesMaterialsKeySearchFull.csv]sulfidesMaterialsKeySearchFull!A220"",""1"")","=HYPERLINK(""[C:\Users\eager55\Desktop\webScrape\searchWoK\searchWoKResults\sulfidesMaterialsKeySearchFull.csv]sulfidesMaterialsKeySearchFull!A221"",""1"")",,,,,,"=HYPERLINK(""[C:\Users\eager55\Desktop\webScrape\searchWoK\searchWoKResults\sulfidesMaterialsKeySearchFull.csv]sulfidesMaterialsKeySearchFull!A222"",""1"")","=HYPERLINK(""[C:\Users\eager55\Desktop\webScrape\searchWoK\searchWoKResults\sulfidesMaterialsKeySearchFull.csv]sulfidesMaterialsKeySearchFull!A223"",""1"")",,,,"=HYPERLINK(""[C:\Users\eager55\Desktop\webScrape\searchWoK\searchWoKResults\sulfidesMaterialsKeySearchFull.csv]sulfidesMaterialsKeySearchFull!A224"",""1"")","=HYPERLINK(""[C:\Users\eager55\Desktop\webScrape\searchWoK\searchWoKResults\sulfidesMaterialsKeySearchFull.csv]sulfidesMaterialsKeySearchFull!A225"",""1"")",,,,,
"=HYPERLINK(""[C:\Users\eager55\Desktop\webScrape\searchWoK\searchWoKResults\sulfidesMaterialsKeySearchFull.csv]sulfidesMaterialsKeySearchFull!A228"",""Ba15Fe7S25"")",1,orthorhombic,62,0.0247,,,,,,,,,,,,,,,,,,,,,
"=HYPERLINK(""[C:\Users\eager55\Desktop\webScrape\searchWoK\searchWoKResults\sulfidesMaterialsKeySearchFull.csv]sulfidesMaterialsKeySearchFull!A232"",""Y2CrS4"")",3,orthorhombic,29,0.0285,,"=HYPERLINK(""[C:\Users\eager55\Desktop\webScrape\searchWoK\searchWoKResults\sulfidesMaterialsKeySearchFull.csv]sulfidesMaterialsKeySearchFull!A234"",""1"")","=HYPERLINK(""[C:\Users\eager55\Desktop\webScrape\searchWoK\searchWoKResults\sulfidesMaterialsKeySearchFull.csv]sulfidesMaterialsKeySearchFull!A235"",""1"")",,,,,,,"=HYPERLINK(""[C:\Users\eager55\Desktop\webScrape\searchWoK\searchWoKResults\sulfidesMaterialsKeySearchFull.csv]sulfidesMaterialsKeySearchFull!A236"",""3"")","=HYPERLINK(""[C:\Users\eager55\Desktop\webScrape\searchWoK\searchWoKResults\sulfidesMaterialsKeySearchFull.csv]sulfidesMaterialsKeySearchFull!A237"",""2"")",,,,,,,,"=HYPERLINK(""[C:\Users\eager55\Desktop\webScrape\searchWoK\searchWoKResults\sulfidesMaterialsKeySearchFull.csv]sulfidesMaterialsKeySearchFull!A238"",""1"")",,
"=HYPERLINK(""[C:\Users\eager55\Desktop\webScrape\searchWoK\searchWoKResults\sulfidesMaterialsKeySearchFull.csv]sulfidesMaterialsKeySearchFull!A241"",""Ba6Co25S27"")",1,cubic,221,0.0344,,,"=HYPERLINK(""[C:\Users\eager55\Desktop\webScrape\searchWoK\searchWoKResults\sulfidesMaterialsKeySearchFull.csv]sulfidesMaterialsKeySearchFull!A243"",""1"")","=HYPERLINK(""[C:\Users\eager55\Desktop\webScrape\searchWoK\searchWoKResults\sulfidesMaterialsKeySearchFull.csv]sulfidesMaterialsKeySearchFull!A244"",""1"")",,,,,,"=HYPERLINK(""[C:\Users\eager55\Desktop\webScrape\searchWoK\searchWoKResults\sulfidesMaterialsKeySearchFull.csv]sulfidesMaterialsKeySearchFull!A245"",""1"")","=HYPERLINK(""[C:\Users\eager55\Desktop\webScrape\searchWoK\searchWoKResults\sulfidesMaterialsKeySearchFull.csv]sulfidesMaterialsKeySearchFull!A246"",""1"")",,,,,"=HYPERLINK(""[C:\Users\eager55\Desktop\webScrape\searchWoK\searchWoKResults\sulfidesMaterialsKeySearchFull.csv]sulfidesMaterialsKeySearchFull!A247"",""1"")",,,,,
"=HYPERLINK(""[C:\Users\eager55\Desktop\webScrape\searchWoK\searchWoKResults\sulfidesMaterialsKeySearchFull.csv]sulfidesMaterialsKeySearchFull!A250"",""Ba5Fe4S11"")",1,orthorhombic,31,0.0457,,,,,,,,,,,,,,,,,,,,,
"=HYPERLINK(""[C:\Users\eager55\Desktop\webScrape\searchWoK\searchWoKResults\sulfidesMaterialsKeySearchFull.csv]sulfidesMaterialsKeySearchFull!A254"",""Ba2CoS3"")",10,orthorhombic,62,0.0481,,"=HYPERLINK(""[C:\Users\eager55\Desktop\webScrape\searchWoK\searchWoKResults\sulfidesMaterialsKeySearchFull.csv]sulfidesMaterialsKeySearchFull!A256"",""1"")","=HYPERLINK(""[C:\Users\eager55\Desktop\webScrape\searchWoK\searchWoKResults\sulfidesMaterialsKeySearchFull.csv]sulfidesMaterialsKeySearchFull!A257"",""3"")","=HYPERLINK(""[C:\Users\eager55\Desktop\webScrape\searchWoK\searchWoKResults\sulfidesMaterialsKeySearchFull.csv]sulfidesMaterialsKeySearchFull!A258"",""4"")",,,"=HYPERLINK(""[C:\Users\eager55\Desktop\webScrape\searchWoK\searchWoKResults\sulfidesMaterialsKeySearchFull.csv]sulfidesMaterialsKeySearchFull!A259"",""1"")","=HYPERLINK(""[C:\Users\eager55\Desktop\webScrape\searchWoK\searchWoKResults\sulfidesMaterialsKeySearchFull.csv]sulfidesMaterialsKeySearchFull!A260"",""1"")",,"=HYPERLINK(""[C:\Users\eager55\Desktop\webScrape\searchWoK\searchWoKResults\sulfidesMaterialsKeySearchFull.csv]sulfidesMaterialsKeySearchFull!A261"",""7"")","=HYPERLINK(""[C:\Users\eager55\Desktop\webScrape\searchWoK\searchWoKResults\sulfidesMaterialsKeySearchFull.csv]sulfidesMaterialsKeySearchFull!A262"",""2"")","=HYPERLINK(""[C:\Users\eager55\Desktop\webScrape\searchWoK\searchWoKResults\sulfidesMaterialsKeySearchFull.csv]sulfidesMaterialsKeySearchFull!A263"",""1"")",,,,"=HYPERLINK(""[C:\Users\eager55\Desktop\webScrape\searchWoK\searchWoKResults\sulfidesMaterialsKeySearchFull.csv]sulfidesMaterialsKeySearchFull!A264"",""2"")",,,,,
"=HYPERLINK(""[C:\Users\eager55\Desktop\webScrape\searchWoK\searchWoKResults\sulfidesMaterialsKeySearchFull.csv]sulfidesMaterialsKeySearchFull!A267"",""LaCrS3"")",22,orthorhombic,62,0.056,,"=HYPERLINK(""[C:\Users\eager55\Desktop\webScrape\searchWoK\searchWoKResults\sulfidesMaterialsKeySearchFull.csv]sulfidesMaterialsKeySearchFull!A269"",""6"")","=HYPERLINK(""[C:\Users\eager55\Desktop\webScrape\searchWoK\searchWoKResults\sulfidesMaterialsKeySearchFull.csv]sulfidesMaterialsKeySearchFull!A270"",""1"")","=HYPERLINK(""[C:\Users\eager55\Desktop\webScrape\searchWoK\searchWoKResults\sulfidesMaterialsKeySearchFull.csv]sulfidesMaterialsKeySearchFull!A271"",""4"")",,,"=HYPERLINK(""[C:\Users\eager55\Desktop\webScrape\searchWoK\searchWoKResults\sulfidesMaterialsKeySearchFull.csv]sulfidesMaterialsKeySearchFull!A272"",""1"")",,,"=HYPERLINK(""[C:\Users\eager55\Desktop\webScrape\searchWoK\searchWoKResults\sulfidesMaterialsKeySearchFull.csv]sulfidesMaterialsKeySearchFull!A273"",""5"")","=HYPERLINK(""[C:\Users\eager55\Desktop\webScrape\searchWoK\searchWoKResults\sulfidesMaterialsKeySearchFull.csv]sulfidesMaterialsKeySearchFull!A274"",""8"")",,,,,"=HYPERLINK(""[C:\Users\eager55\Desktop\webScrape\searchWoK\searchWoKResults\sulfidesMaterialsKeySearchFull.csv]sulfidesMaterialsKeySearchFull!A275"",""2"")",,,,,
"=HYPERLINK(""[C:\Users\eager55\Desktop\webScrape\searchWoK\searchWoKResults\sulfidesMaterialsKeySearchFull.csv]sulfidesMaterialsKeySearchFull!A278"",""KCu4S3"")",17,tetragonal,123,0.0906,"=HYPERLINK(""[C:\Users\eager55\Desktop\webScrape\searchWoK\searchWoKResults\sulfidesMaterialsKeySearchFull.csv]sulfidesMaterialsKeySearchFull!A280"",""1"")","=HYPERLINK(""[C:\Users\eager55\Desktop\webScrape\searchWoK\searchWoKResults\sulfidesMaterialsKeySearchFull.csv]sulfidesMaterialsKeySearchFull!A281"",""6"")","=HYPERLINK(""[C:\Users\eager55\Desktop\webScrape\searchWoK\searchWoKResults\sulfidesMaterialsKeySearchFull.csv]sulfidesMaterialsKeySearchFull!A282"",""2"")","=HYPERLINK(""[C:\Users\eager55\Desktop\webScrape\searchWoK\searchWoKResults\sulfidesMaterialsKeySearchFull.csv]sulfidesMaterialsKeySearchFull!A283"",""7"")",,,,,,"=HYPERLINK(""[C:\Users\eager55\Desktop\webScrape\searchWoK\searchWoKResults\sulfidesMaterialsKeySearchFull.csv]sulfidesMaterialsKeySearchFull!A284"",""3"")","=HYPERLINK(""[C:\Users\eager55\Desktop\webScrape\searchWoK\searchWoKResults\sulfidesMaterialsKeySearchFull.csv]sulfidesMaterialsKeySearchFull!A285"",""4"")",,,,,"=HYPERLINK(""[C:\Users\eager55\Desktop\webScrape\searchWoK\searchWoKResults\sulfidesMaterialsKeySearchFull.csv]sulfidesMaterialsKeySearchFull!A286"",""2"")",,,,,
"=HYPERLINK(""[C:\Users\eager55\Desktop\webScrape\searchWoK\searchWoKResults\sulfidesMaterialsKeySearchFull.csv]sulfidesMaterialsKeySearchFull!A289"",""BaCr4S7"")",1,monoclinic,14,0.1196,,,,,,,,,,,,,,,,,,,,,
"=HYPERLINK(""[C:\Users\eager55\Desktop\webScrape\searchWoK\searchWoKResults\sulfidesMaterialsKeySearchFull.csv]sulfidesMaterialsKeySearchFull!A293"",""K3Cr11S18"")",1,monoclinic,12,0.2072,,,,"=HYPERLINK(""[C:\Users\eager55\Desktop\webScrape\searchWoK\searchWoKResults\sulfidesMaterialsKeySearchFull.csv]sulfidesMaterialsKeySearchFull!A295"",""1"")",,,,,,,,,,,,,,,,,
"=HYPERLINK(""[C:\Users\eager55\Desktop\webScrape\searchWoK\searchWoKResults\sulfidesMaterialsKeySearchFull.csv]sulfidesMaterialsKeySearchFull!A298"",""K9Co2S7"")",1,cubic,205,0.3106,,,,,,,,,,"=HYPERLINK(""[C:\Users\eager55\Desktop\webScrape\searchWoK\searchWoKResults\sulfidesMaterialsKeySearchFull.csv]sulfidesMaterialsKeySearchFull!A300"",""1"")",,,,,,,,,,,
"=HYPERLINK(""[C:\Users\eager55\Desktop\webScrape\searchWoK\searchWoKResults\sulfidesMaterialsKeySearchFull.csv]sulfidesMaterialsKeySearchFull!A303"",""KCr5S8"")",1,monoclinic,12,0.3523,,,,"=HYPERLINK(""[C:\Users\eager55\Desktop\webScrape\searchWoK\searchWoKResults\sulfidesMaterialsKeySearchFull.csv]sulfidesMaterialsKeySearchFull!A305"",""1"")",,,,,,,,,,,,,,,,,
"=HYPERLINK(""[C:\Users\eager55\Desktop\webScrape\searchWoK\searchWoKResults\sulfidesMaterialsKeySearchFull.csv]sulfidesMaterialsKeySearchFull!A308"",""K6CoS4"")",1,hexagonal,186,0.4323,,,,"=HYPERLINK(""[C:\Users\eager55\Desktop\webScrape\searchWoK\searchWoKResults\sulfidesMaterialsKeySearchFull.csv]sulfidesMaterialsKeySearchFull!A310"",""1"")",,,,,,"=HYPERLINK(""[C:\Users\eager55\Desktop\webScrape\searchWoK\searchWoKResults\sulfidesMaterialsKeySearchFull.csv]sulfidesMaterialsKeySearchFull!A311"",""1"")",,,,,,,,,,,
"=HYPERLINK(""[C:\Users\eager55\Desktop\webScrape\searchWoK\searchWoKResults\sulfidesMaterialsKeySearchFull.csv]sulfidesMaterialsKeySearchFull!A314"",""BaMnS2"")",4,orthorhombic,62,0.4367,,"=HYPERLINK(""[C:\Users\eager55\Desktop\webScrape\searchWoK\searchWoKResults\sulfidesMaterialsKeySearchFull.csv]sulfidesMaterialsKeySearchFull!A316"",""1"")",,,,,,,,"=HYPERLINK(""[C:\Users\eager55\Desktop\webScrape\searchWoK\searchWoKResults\sulfidesMaterialsKeySearchFull.csv]sulfidesMaterialsKeySearchFull!A317"",""1"")","=HYPERLINK(""[C:\Users\eager55\Desktop\webScrape\searchWoK\searchWoKResults\sulfidesMaterialsKeySearchFull.csv]sulfidesMaterialsKeySearchFull!A318"",""1"")",,,,"=HYPERLINK(""[C:\Users\eager55\Desktop\webScrape\searchWoK\searchWoKResults\sulfidesMaterialsKeySearchFull.csv]sulfidesMaterialsKeySearchFull!A319"",""1"")",,,,,,
"=HYPERLINK(""[C:\Users\eager55\Desktop\webScrape\searchWoK\searchWoKResults\sulfidesMaterialsKeySearchFull.csv]sulfidesMaterialsKeySearchFull!A322"",""BaCu4S3"")",11,"orthorhombic, orthorhombic","62, 63","0.4519, 0.0379",,"=HYPERLINK(""[C:\Users\eager55\Desktop\webScrape\searchWoK\searchWoKResults\sulfidesMaterialsKeySearchFull.csv]sulfidesMaterialsKeySearchFull!A324"",""2"")","=HYPERLINK(""[C:\Users\eager55\Desktop\webScrape\searchWoK\searchWoKResults\sulfidesMaterialsKeySearchFull.csv]sulfidesMaterialsKeySearchFull!A325"",""4"")","=HYPERLINK(""[C:\Users\eager55\Desktop\webScrape\searchWoK\searchWoKResults\sulfidesMaterialsKeySearchFull.csv]sulfidesMaterialsKeySearchFull!A326"",""2"")",,,,,,"=HYPERLINK(""[C:\Users\eager55\Desktop\webScrape\searchWoK\searchWoKResults\sulfidesMaterialsKeySearchFull.csv]sulfidesMaterialsKeySearchFull!A327"",""1"")","=HYPERLINK(""[C:\Users\eager55\Desktop\webScrape\searchWoK\searchWoKResults\sulfidesMaterialsKeySearchFull.csv]sulfidesMaterialsKeySearchFull!A328"",""5"")",,,"=HYPERLINK(""[C:\Users\eager55\Desktop\webScrape\searchWoK\searchWoKResults\sulfidesMaterialsKeySearchFull.csv]sulfidesMaterialsKeySearchFull!A329"",""1"")","=HYPERLINK(""[C:\Users\eager55\Desktop\webScrape\searchWoK\searchWoKResults\sulfidesMaterialsKeySearchFull.csv]sulfidesMaterialsKeySearchFull!A330"",""2"")",,,,,,
"=HYPERLINK(""[C:\Users\eager55\Desktop\webScrape\searchWoK\searchWoKResults\sulfidesMaterialsKeySearchFull.csv]sulfidesMaterialsKeySearchFull!A333"",""KCu3S2"")",4,monoclinic,12,0.4597,,"=HYPERLINK(""[C:\Users\eager55\Desktop\webScrape\searchWoK\searchWoKResults\sulfidesMaterialsKeySearchFull.csv]sulfidesMaterialsKeySearchFull!A335"",""2"")","=HYPERLINK(""[C:\Users\eager55\Desktop\webScrape\searchWoK\searchWoKResults\sulfidesMaterialsKeySearchFull.csv]sulfidesMaterialsKeySearchFull!A336"",""1"")","=HYPERLINK(""[C:\Users\eager55\Desktop\webScrape\searchWoK\searchWoKResults\sulfidesMaterialsKeySearchFull.csv]sulfidesMaterialsKeySearchFull!A337"",""1"")","=HYPERLINK(""[C:\Users\eager55\Desktop\webScrape\searchWoK\searchWoKResults\sulfidesMaterialsKeySearchFull.csv]sulfidesMaterialsKeySearchFull!A338"",""1"")",,,,,"=HYPERLINK(""[C:\Users\eager55\Desktop\webScrape\searchWoK\searchWoKResults\sulfidesMaterialsKeySearchFull.csv]sulfidesMaterialsKeySearchFull!A339"",""1"")",,,,,,"=HYPERLINK(""[C:\Users\eager55\Desktop\webScrape\searchWoK\searchWoKResults\sulfidesMaterialsKeySearchFull.csv]sulfidesMaterialsKeySearchFull!A340"",""1"")",,,,,
"=HYPERLINK(""[C:\Users\eager55\Desktop\webScrape\searchWoK\searchWoKResults\sulfidesMaterialsKeySearchFull.csv]sulfidesMaterialsKeySearchFull!A343"",""K9Fe2S7"")",1,cubic,198,0.5148,,,,,,,,,,"=HYPERLINK(""[C:\Users\eager55\Desktop\webScrape\searchWoK\searchWoKResults\sulfidesMaterialsKeySearchFull.csv]sulfidesMaterialsKeySearchFull!A345"",""1"")","=HYPERLINK(""[C:\Users\eager55\Desktop\webScrape\searchWoK\searchWoKResults\sulfidesMaterialsKeySearchFull.csv]sulfidesMaterialsKeySearchFull!A346"",""1"")",,,,,,,,,,
"=HYPERLINK(""[C:\Users\eager55\Desktop\webScrape\searchWoK\searchWoKResults\sulfidesMaterialsKeySearchFull.csv]sulfidesMaterialsKeySearchFull!A349"",""Ba3(CrS3)2, Ba3Cr2S6"")",0,trigonal,167,0.6308,,,,,,,,,,,,,,,,,,,,,
"=HYPERLINK(""[C:\Users\eager55\Desktop\webScrape\searchWoK\searchWoKResults\sulfidesMaterialsKeySearchFull.csv]sulfidesMaterialsKeySearchFull!A353"",""K2Ni3S4"")",1,orthorhombic,70,0.7068,,,,"=HYPERLINK(""[C:\Users\eager55\Desktop\webScrape\searchWoK\searchWoKResults\sulfidesMaterialsKeySearchFull.csv]sulfidesMaterialsKeySearchFull!A355"",""1"")",,,,,,,,,,,"=HYPERLINK(""[C:\Users\eager55\Desktop\webScrape\searchWoK\searchWoKResults\sulfidesMaterialsKeySearchFull.csv]sulfidesMaterialsKeySearchFull!A356"",""1"")",,,,,,
"=HYPERLINK(""[C:\Users\eager55\Desktop\webScrape\searchWoK\searchWoKResults\sulfidesMaterialsKeySearchFull.csv]sulfidesMaterialsKeySearchFull!A359"",""Ba(CuS)2, BaCu2S2"")",10,"orthorhombic, tetragonal","62, 139","0.9028, 0.506",,"=HYPERLINK(""[C:\Users\eager55\Desktop\webScrape\searchWoK\searchWoKResults\sulfidesMaterialsKeySearchFull.csv]sulfidesMaterialsKeySearchFull!A361"",""3"")","=HYPERLINK(""[C:\Users\eager55\Desktop\webScrape\searchWoK\searchWoKResults\sulfidesMaterialsKeySearchFull.csv]sulfidesMaterialsKeySearchFull!A362"",""1"")","=HYPERLINK(""[C:\Users\eager55\Desktop\webScrape\searchWoK\searchWoKResults\sulfidesMaterialsKeySearchFull.csv]sulfidesMaterialsKeySearchFull!A363"",""2"")",,"=HYPERLINK(""[C:\Users\eager55\Desktop\webScrape\searchWoK\searchWoKResults\sulfidesMaterialsKeySearchFull.csv]sulfidesMaterialsKeySearchFull!A364"",""2"")",,,,"=HYPERLINK(""[C:\Users\eager55\Desktop\webScrape\searchWoK\searchWoKResults\sulfidesMaterialsKeySearchFull.csv]sulfidesMaterialsKeySearchFull!A365"",""3"")","=HYPERLINK(""[C:\Users\eager55\Desktop\webScrape\searchWoK\searchWoKResults\sulfidesMaterialsKeySearchFull.csv]sulfidesMaterialsKeySearchFull!A366"",""2"")",,,,,"=HYPERLINK(""[C:\Users\eager55\Desktop\webScrape\searchWoK\searchWoKResults\sulfidesMaterialsKeySearchFull.csv]sulfidesMaterialsKeySearchFull!A367"",""3"")",,,"=HYPERLINK(""[C:\Users\eager55\Desktop\webScrape\searchWoK\searchWoKResults\sulfidesMaterialsKeySearchFull.csv]sulfidesMaterialsKeySearchFull!A368"",""1"")",,
"=HYPERLINK(""[C:\Users\eager55\Desktop\webScrape\searchWoK\searchWoKResults\sulfidesMaterialsKeySearchFull.csv]sulfidesMaterialsKeySearchFull!A371"",""K2MnS2"")",1,orthorhombic,72,0.9733,,,,,,"=HYPERLINK(""[C:\Users\eager55\Desktop\webScrape\searchWoK\searchWoKResults\sulfidesMaterialsKeySearchFull.csv]sulfidesMaterialsKeySearchFull!A373"",""1"")",,,,,"=HYPERLINK(""[C:\Users\eager55\Desktop\webScrape\searchWoK\searchWoKResults\sulfidesMaterialsKeySearchFull.csv]sulfidesMaterialsKeySearchFull!A374"",""1"")",,,,,,,,,,
"=HYPERLINK(""[C:\Users\eager55\Desktop\webScrape\searchWoK\searchWoKResults\sulfidesMaterialsKeySearchFull.csv]sulfidesMaterialsKeySearchFull!A377"",""Ba2MnS3"")",10,orthorhombic,62,1.1095,,,,"=HYPERLINK(""[C:\Users\eager55\Desktop\webScrape\searchWoK\searchWoKResults\sulfidesMaterialsKeySearchFull.csv]sulfidesMaterialsKeySearchFull!A379"",""3"")",,,,,,,,"=HYPERLINK(""[C:\Users\eager55\Desktop\webScrape\searchWoK\searchWoKResults\sulfidesMaterialsKeySearchFull.csv]sulfidesMaterialsKeySearchFull!A380"",""1"")",,,,,,,,,
"=HYPERLINK(""[C:\Users\eager55\Desktop\webScrape\searchWoK\searchWoKResults\sulfidesMaterialsKeySearchFull.csv]sulfidesMaterialsKeySearchFull!A383"",""KCrS2"")",3,trigonal,166,1.1612,,,,,,,,,,"=HYPERLINK(""[C:\Users\eager55\Desktop\webScrape\searchWoK\searchWoKResults\sulfidesMaterialsKeySearchFull.csv]sulfidesMaterialsKeySearchFull!A385"",""1"")",,,,,"=HYPERLINK(""[C:\Users\eager55\Desktop\webScrape\searchWoK\searchWoKResults\sulfidesMaterialsKeySearchFull.csv]sulfidesMaterialsKeySearchFull!A386"",""1"")",,,,,,
"=HYPERLINK(""[C:\Users\eager55\Desktop\webScrape\searchWoK\searchWoKResults\sulfidesMaterialsKeySearchFull.csv]sulfidesMaterialsKeySearchFull!A389"",""K6MnS4"")",0,hexagonal,186,1.3035,,,,,,,,,,,,,,,,,,,,,
"=HYPERLINK(""[C:\Users\eager55\Desktop\webScrape\searchWoK\searchWoKResults\sulfidesMaterialsKeySearchFull.csv]sulfidesMaterialsKeySearchFull!A393"",""LaCuS2"")",9,monoclinic,14,1.4759,,"=HYPERLINK(""[C:\Users\eager55\Desktop\webScrape\searchWoK\searchWoKResults\sulfidesMaterialsKeySearchFull.csv]sulfidesMaterialsKeySearchFull!A395"",""2"")",,"=HYPERLINK(""[C:\Users\eager55\Desktop\webScrape\searchWoK\searchWoKResults\sulfidesMaterialsKeySearchFull.csv]sulfidesMaterialsKeySearchFull!A396"",""2"")",,,,,,"=HYPERLINK(""[C:\Users\eager55\Desktop\webScrape\searchWoK\searchWoKResults\sulfidesMaterialsKeySearchFull.csv]sulfidesMaterialsKeySearchFull!A397"",""1"")","=HYPERLINK(""[C:\Users\eager55\Desktop\webScrape\searchWoK\searchWoKResults\sulfidesMaterialsKeySearchFull.csv]sulfidesMaterialsKeySearchFull!A398"",""6"")",,,,"=HYPERLINK(""[C:\Users\eager55\Desktop\webScrape\searchWoK\searchWoKResults\sulfidesMaterialsKeySearchFull.csv]sulfidesMaterialsKeySearchFull!A399"",""2"")","=HYPERLINK(""[C:\Users\eager55\Desktop\webScrape\searchWoK\searchWoKResults\sulfidesMaterialsKeySearchFull.csv]sulfidesMaterialsKeySearchFull!A400"",""1"")",,,,,
"=HYPERLINK(""[C:\Users\eager55\Desktop\webScrape\searchWoK\searchWoKResults\sulfidesMaterialsKeySearchFull.csv]sulfidesMaterialsKeySearchFull!A403"",""K3VS4"")",5,orthorhombic,62,1.583,,,,"=HYPERLINK(""[C:\Users\eager55\Desktop\webScrape\searchWoK\searchWoKResults\sulfidesMaterialsKeySearchFull.csv]sulfidesMaterialsKeySearchFull!A405"",""1"")",,,,,,,,,,,,,,,,,
"=HYPERLINK(""[C:\Users\eager55\Desktop\webScrape\searchWoK\searchWoKResults\sulfidesMaterialsKeySearchFull.csv]sulfidesMaterialsKeySearchFull!A408"",""YCuS2"")",3,"orthorhombic, orthorhombic","19, 62","1.5972, 1.5967",,,,,,,,,,,"=HYPERLINK(""[C:\Users\eager55\Desktop\webScrape\searchWoK\searchWoKResults\sulfidesMaterialsKeySearchFull.csv]sulfidesMaterialsKeySearchFull!A410"",""2"")",,,,,,,,,,
"=HYPERLINK(""[C:\Users\eager55\Desktop\webScrape\searchWoK\searchWoKResults\sulfidesMaterialsKeySearchFull.csv]sulfidesMaterialsKeySearchFull!A413"",""La2CuS4"")",3,monoclinic,14,1.6292,"=HYPERLINK(""[C:\Users\eager55\Desktop\webScrape\searchWoK\searchWoKResults\sulfidesMaterialsKeySearchFull.csv]sulfidesMaterialsKeySearchFull!A415"",""1"")","=HYPERLINK(""[C:\Users\eager55\Desktop\webScrape\searchWoK\searchWoKResults\sulfidesMaterialsKeySearchFull.csv]sulfidesMaterialsKeySearchFull!A416"",""2"")","=HYPERLINK(""[C:\Users\eager55\Desktop\webScrape\searchWoK\searchWoKResults\sulfidesMaterialsKeySearchFull.csv]sulfidesMaterialsKeySearchFull!A417"",""1"")","=HYPERLINK(""[C:\Users\eager55\Desktop\webScrape\searchWoK\searchWoKResults\sulfidesMaterialsKeySearchFull.csv]sulfidesMaterialsKeySearchFull!A418"",""1"")","=HYPERLINK(""[C:\Users\eager55\Desktop\webScrape\searchWoK\searchWoKResults\sulfidesMaterialsKeySearchFull.csv]sulfidesMaterialsKeySearchFull!A419"",""2"")",,,,,"=HYPERLINK(""[C:\Users\eager55\Desktop\webScrape\searchWoK\searchWoKResults\sulfidesMaterialsKeySearchFull.csv]sulfidesMaterialsKeySearchFull!A420"",""1"")","=HYPERLINK(""[C:\Users\eager55\Desktop\webScrape\searchWoK\searchWoKResults\sulfidesMaterialsKeySearchFull.csv]sulfidesMaterialsKeySearchFull!A421"",""1"")",,,,,"=HYPERLINK(""[C:\Users\eager55\Desktop\webScrape\searchWoK\searchWoKResults\sulfidesMaterialsKeySearchFull.csv]sulfidesMaterialsKeySearchFull!A422"",""1"")",,,,,
"=HYPERLINK(""[C:\Users\eager55\Desktop\webScrape\searchWoK\searchWoKResults\sulfidesMaterialsKeySearchFull.csv]sulfidesMaterialsKeySearchFull!A425"",""KCuS"")",19,orthorhombic,62,1.8615,,"=HYPERLINK(""[C:\Users\eager55\Desktop\webScrape\searchWoK\searchWoKResults\sulfidesMaterialsKeySearchFull.csv]sulfidesMaterialsKeySearchFull!A427"",""2"")",,"=HYPERLINK(""[C:\Users\eager55\Desktop\webScrape\searchWoK\searchWoKResults\sulfidesMaterialsKeySearchFull.csv]sulfidesMaterialsKeySearchFull!A428"",""1"")",,,,,,"=HYPERLINK(""[C:\Users\eager55\Desktop\webScrape\searchWoK\searchWoKResults\sulfidesMaterialsKeySearchFull.csv]sulfidesMaterialsKeySearchFull!A429"",""1"")","=HYPERLINK(""[C:\Users\eager55\Desktop\webScrape\searchWoK\searchWoKResults\sulfidesMaterialsKeySearchFull.csv]sulfidesMaterialsKeySearchFull!A430"",""3"")",,,,,,,,,,
